{
"type": "FeatureCollection",
"name": "schools_campuses",
"crs": { "type": "name", "properties": { "name": "urn:ogc:def:crs:OGC:1.3:CRS84" } },
"features": [
{ "type": "Feature", "properties": { "name": "Uvalde Dual Language Academy / Academia de Lenguaje Dual Uvalde", "category": "school" }, "geometry": { "type": "Polygon", "coordinates": [ [ [ -99.806322047199814, 29.203889904364011 ], [ -99.80632614733652, 29.203895844960556 ], [ -99.806333708557219, 29.203909710644833 ], [ -99.806339679952217, 29.203924155359864 ], [ -99.806344004265824, 29.203939040604869 ], [ -99.806346640035116, 29.203954223655181 ], [ -99.806347561987522, 29.203969558930723 ], [ -99.80634776198751, 29.204020158930991 ], [ -99.806346953954488, 29.204035566715156 ], [ -99.806344415891402, 29.204050830693326 ], [ -99.806340172348584, 29.204065803219191 ], [ -99.806334264373262, 29.204080339465694 ], [ -99.806326749112472, 29.204094298825918 ], [ -99.806317699260291, 29.204107546273125 ], [ -99.80631488482021, 29.20411087295523 ], [ -99.806315462644378, 29.20434626396986 ], [ -99.806314635206974, 29.204361637524407 ], [ -99.80631208539549, 29.204376866249266 ], [ -99.806307837767321, 29.204391803475623 ], [ -99.806301933231666, 29.204406305342221 ], [ -99.806294428655534, 29.204420232180777 ], [ -99.806285396315999, 29.204433449861241 ], [ -99.806274923204143, 29.204445831083508 ], [ -99.806263110187189, 29.204457256603519 ], [ -99.806250071037155, 29.204467616381656 ], [ -99.806235931334939, 29.204476810642504 ], [ -99.806220827261029, 29.204484750835849 ], [ -99.80620490428376, 29.204491360489449 ], [ -99.806188315758419, 29.20449657594553 ], [ -99.806171221450214, 29.204500346973894 ], [ -99.806153785995633, 29.204502637255679 ], [ -99.806136177316674, 29.20450342473314 ], [ -99.806054317992874, 29.204503574795826 ], [ -99.80605196152969, 29.205002446601068 ], [ -99.806051960292933, 29.205002669873146 ], [ -99.806050860292942, 29.205175769871669 ], [ -99.806049897742255, 29.205191134846771 ], [ -99.806047214690921, 29.205206343510596 ], [ -99.806042836971315, 29.205221249434363 ], [ -99.806036806732067, 29.20523570910407 ], [ -99.806029182032347, 29.205249583302351 ], [ -99.806020036282675, 29.20526273844877 ], [ -99.806009457538266, 29.205275047885983 ], [ -99.805997547651202, 29.205286393099112 ], [ -99.805984421289807, 29.205296664856881 ], [ -99.805970204834566, 29.205305764263194 ], [ -99.80595503516146, 29.20531360370936 ], [ -99.805939058323986, 29.205320107717547 ], [ -99.805922428147014, 29.205325213667447 ], [ -99.805905304745792, 29.205328872399242 ], [ -99.805887852984299, 29.205331048686826 ], [ -99.805870240887998, 29.205331721577021 ], [ -99.805548340887995, 29.205330221579317 ], [ -99.805530738969836, 29.205329384679132 ], [ -99.805513315737926, 29.205327046122086 ], [ -99.805496238925002, 29.205323228421275 ], [ -99.805479672928826, 29.205317968329371 ], [ -99.805463777229548, 29.205311316484856 ], [ -99.805448704854399, 29.205303336924484 ], [ -99.805434600904491, 29.205294106466841 ], [ -99.805421601157988, 29.20528371397285 ], [ -99.805409830762869, 29.205272259490275 ], [ -99.805399403032268, 29.205259853290585 ], [ -99.805390418353483, 29.205246614807443 ], [ -99.805382963221646, 29.205232671486865 ], [ -99.805377109407019, 29.205218157560353 ], [ -99.805372913264023, 29.205203212752657 ], [ -99.805370415188733, 29.20518798093666 ], [ -99.805369639230008, 29.205172608748327 ], [ -99.805370639230006, 29.204999608746995 ], [ -99.805371593137679, 29.2049842417908 ], [ -99.805374267978124, 29.20496903043459 ], [ -99.805378637992817, 29.204954121162611 ], [ -99.80538466109887, 29.204939657550131 ], [ -99.805392279294253, 29.204925778880781 ], [ -99.805401419216381, 29.204912618805302 ], [ -99.805411992848505, 29.204900304054465 ], [ -99.805423898367394, 29.204888953218656 ], [ -99.805437021123879, 29.204878675605858 ], [ -99.805451234746869, 29.20486957018899 ], [ -99.80546640236031, 29.204861724652822 ], [ -99.805482377901271, 29.204855214549514 ], [ -99.805499007526606, 29.204850102571108 ], [ -99.805516131094336, 29.204846437945768 ], [ -99.805533583705909, 29.204844255963685 ], [ -99.805551197294051, 29.204843577637259 ], [ -99.805670828969596, 29.204844099171186 ], [ -99.805671479695164, 29.204792900588888 ], [ -99.805660371789628, 29.204784210428652 ], [ -99.805648466766399, 29.204772873936115 ], [ -99.805637891036923, 29.204760574138973 ], [ -99.805628746300727, 29.204747429315567 ], [ -99.805624601208535, 29.2047398936833 ], [ -99.805278030623001, 29.204737419476015 ], [ -99.805260204499405, 29.204736517659921 ], [ -99.805242568969575, 29.204734075748512 ], [ -99.805225298230667, 29.204730117861963 ], [ -99.805208562876601, 29.204724683094643 ], [ -99.805192528212984, 29.20471782512892 ], [ -99.805177352624199, 29.204709611704921 ], [ -99.805163186009082, 29.204700123951501 ], [ -99.805150168300159, 29.204689455584798 ], [ -99.805138428081491, 29.204677711982576 ], [ -99.805128081318571, 29.20466500914344 ], [ -99.805119230212881, 29.204651472540959 ], [ -99.805114586173445, 29.204642375759686 ], [ -99.804982576544035, 29.204642424852068 ], [ -99.804964961356831, 29.204641675839436 ], [ -99.804947515167939, 29.20463942291746 ], [ -99.804930406084708, 29.20463568779466 ], [ -99.804913798966354, 29.204630506461658 ], [ -99.804897853835172, 29.204623928844356 ], [ -99.804889696957687, 29.204619663987536 ], [ -99.80488264753383, 29.20461962109049 ], [ -99.804865043579355, 29.204618758764173 ], [ -99.80484762122984, 29.204616394410191 ], [ -99.804830548278815, 29.204612550799379 ], [ -99.804813989154781, 29.204607264949132 ], [ -99.804798103337589, 29.204600587766922 ], [ -99.804783043822496, 29.204592583559993 ], [ -99.804768955646736, 29.204583329416042 ], [ -99.804755974492608, 29.204572914460808 ], [ -99.804744225380773, 29.204561438999722 ], [ -99.804733821466186, 29.204549013551862 ], [ -99.804724862948248, 29.204535757785589 ], [ -99.804717436105889, 29.204521799366038 ], [ -99.804711612466548, 29.204507272725593 ], [ -99.804707448117298, 29.204492317769173 ], [ -99.804704983164726, 29.204477078526843 ], [ -99.804704241348645, 29.204461701766657 ], [ -99.804705846211618, 29.204261667204339 ], [ -99.804692627680495, 29.204257442763648 ], [ -99.80467674637535, 29.20425076120085 ], [ -99.804661691742893, 29.204242753154841 ], [ -99.804647608742101, 29.204233495733678 ], [ -99.804634632976246, 29.204223078075483 ], [ -99.804622889387204, 29.20421160049009 ], [ -99.804612491052339, 29.204199173493262 ], [ -99.804603538095819, 29.20418591674251 ], [ -99.804596116724397, 29.204171957884952 ], [ -99.804590298397414, 29.204157431328255 ], [ -99.804586139138792, 29.204142476946402 ], [ -99.804583678997432, 29.204127238732923 ], [ -99.804582941661678, 29.204111863414376 ], [ -99.804584541661669, 29.203919163412234 ], [ -99.804585534355738, 29.20390379797961 ], [ -99.804588247627208, 29.203888591461688 ], [ -99.80459265534688, 29.203873690299673 ], [ -99.804598715067769, 29.203859237994184 ], [ -99.804606368433795, 29.203845373723354 ], [ -99.804615541741896, 29.20383223100248 ], [ -99.804626146651714, 29.203819936398276 ], [ -99.804638081036344, 29.203808608309998 ], [ -99.804651229965842, 29.203798355829182 ], [ -99.804665466814029, 29.203789277689125 ], [ -99.804680654477863, 29.203781461314023 ], [ -99.804696646697806, 29.203774981977062 ], [ -99.804713289466363, 29.203769902075511 ], [ -99.804730422511142, 29.203766270529798 ], [ -99.804747880838292, 29.20376412231241 ], [ -99.804765496321451, 29.203763478111121 ], [ -99.805077745442929, 29.203765444756183 ], [ -99.805077736964833, 29.203750377024317 ], [ -99.805078593980326, 29.20373500021612 ], [ -99.805081174071688, 29.203719770843012 ], [ -99.805085452375678, 29.203704835663935 ], [ -99.805091387664149, 29.203690338602883 ], [ -99.805098922741323, 29.20367641936194 ], [ -99.805105383747957, 29.203667003120657 ], [ -99.805106041116687, 29.203650160260423 ], [ -99.8051074761064, 29.20363501600681 ], [ -99.805110583500053, 29.203620064075064 ], [ -99.80511533412232, 29.203605444848876 ], [ -99.805121683369634, 29.203591295588225 ], [ -99.80512957162901, 29.203577749140642 ], [ -99.805138924837564, 29.203564932693876 ], [ -99.805149655178155, 29.203552966581761 ], [ -99.805161661903654, 29.203541963154336 ], [ -99.805174832283043, 29.203532025723028 ], [ -99.805189042659705, 29.203523247590645 ], [ -99.805204159612501, 29.203515711175285 ], [ -99.8052200412085, 29.203509487236612 ], [ -99.805236538335507, 29.203504634211345 ], [ -99.805253496102139, 29.203501197664743 ], [ -99.805270755292, 29.203499209862624 ], [ -99.805288153858726, 29.203498689468539 ], [ -99.805852253858717, 29.20350568947925 ], [ -99.805869856482502, 29.203506663723836 ], [ -99.805887264841303, 29.203509139894724 ], [ -99.805904311156141, 29.203513094126883 ], [ -99.805920831137371, 29.203518488309882 ], [ -99.805936665568041, 29.203525270455209 ], [ -99.805951661838407, 29.203533375197381 ], [ -99.805965675416815, 29.203542724423865 ], [ -99.805978571242619, 29.203553228027985 ], [ -99.805990225027926, 29.203564784777331 ], [ -99.806000524455385, 29.203577283289459 ], [ -99.806009370260796, 29.203590603105397 ], [ -99.806016677189646, 29.203604615850558 ], [ -99.806022374818937, 29.203619186472103 ], [ -99.806026408235837, 29.203634174540486 ], [ -99.806028738566908, 29.203649435602948 ], [ -99.80602934335279, 29.203664822575693 ], [ -99.806028707738648, 29.203702281444745 ], [ -99.80614192337552, 29.203702074279491 ], [ -99.806159532318716, 29.203702796972294 ], [ -99.806176975359847, 29.203705022529086 ], [ -99.806194084568176, 29.203708729523512 ], [ -99.806210695226895, 29.203713882266758 ], [ -99.806226647418896, 29.203720431151226 ], [ -99.806241787566393, 29.20372831312805 ], [ -99.806255969909458, 29.203737452314158 ], [ -99.806269057909347, 29.203747760722841 ], [ -99.806280925562874, 29.203759139110801 ], [ -99.806291458615689, 29.20377147793366 ], [ -99.806300555662133, 29.203784658400586 ], [ -99.806308129121433, 29.203798553617933 ], [ -99.806314106081089, 29.203813029810931 ], [ -99.806318428998622, 29.203827947611575 ], [ -99.806321056255655, 29.2038431634004 ], [ -99.806321962558641, 29.203858530689146 ], [ -99.806322047199814, 29.203889904364011 ] ] ] } },
{ "type": "Feature", "properties": { "name": "Saint Philip's Episcopal Church and School", "category": "school" }, "geometry": { "type": "Polygon", "coordinates": [ [ [ -99.788706275630872, 29.213798886211265 ], [ -99.788705320210056, 29.213799897162481 ], [ -99.788692822130656, 29.213810751280263 ], [ -99.78867916531614, 29.213820483939884 ], [ -99.788664481285366, 29.213829001413487 ], [ -99.78864891144957, 29.213836221675759 ], [ -99.78863260575055, 29.213842075193895 ], [ -99.78825080575055, 29.213960375023266 ], [ -99.788233922261952, 29.213964805195282 ], [ -99.788216622581928, 29.21396776976929 ], [ -99.788199073290755, 29.213969240199258 ], [ -99.788181443372338, 29.213969202326332 ], [ -99.788163902586916, 29.213967656515187 ], [ -99.788146619836439, 29.213964617650539 ], [ -99.788129761538244, 29.213960114993768 ], [ -99.788113490022539, 29.21395419190123 ], [ -99.788097961969399, 29.213946905406708 ], [ -99.788083326899951, 29.213938325672327 ], [ -99.788069725736747, 29.213928535312874 ], [ -99.788057289446741, 29.213917628600356 ], [ -99.788046137780199, 29.213905710556258 ], [ -99.788036378117638, 29.21389289594028 ], [ -99.78802810443581, 29.213879308145316 ], [ -99.788021396402812, 29.213865078009309 ], [ -99.787977696402805, 29.213757678064322 ], [ -99.787972617777385, 29.213742939660897 ], [ -99.787969218954714, 29.213727837713797 ], [ -99.787967532675282, 29.21371251769812 ], [ -99.787967575182748, 29.213697127189647 ], [ -99.787969346067698, 29.213681814443266 ], [ -99.787972828271393, 29.213666726964895 ], [ -99.787977988250191, 29.213652010090502 ], [ -99.787984776298643, 29.213637805586131 ], [ -99.787992762455062, 29.213624842075056 ], [ -99.787950626919496, 29.21352145312509 ], [ -99.787945540588652, 29.213506719952615 ], [ -99.787942133163682, 29.213491622609904 ], [ -99.787940437454679, 29.213476306469069 ], [ -99.787940469789561, 29.213460919009087 ], [ -99.787942229857023, 29.21344560839572 ], [ -99.7879457007094, 29.213430522054875 ], [ -99.787950848925831, 29.213415805252957 ], [ -99.787953610591103, 29.213410015563262 ], [ -99.787931810494257, 29.213356757830461 ], [ -99.787926699403755, 29.213342025979792 ], [ -99.787923267735138, 29.213326927738926 ], [ -99.787922374556132, 29.213318968866922 ], [ -99.787875436700872, 29.213333821781045 ], [ -99.787858730698048, 29.213338318517529 ], [ -99.787841603053565, 29.213341376805026 ], [ -99.787824215941555, 29.213342967686074 ], [ -99.787806733992994, 29.213343076097395 ], [ -99.787789322736785, 29.213341701012478 ], [ -99.787772147032484, 29.213338855451358 ], [ -99.787755369509313, 29.213334566357279 ], [ -99.787739149026308, 29.21332887434162 ], [ -99.787723639168092, 29.21332183329935 ], [ -99.787708986790733, 29.21331350989874 ], [ -99.78769533063118, 29.213303982950134 ], [ -99.787682799993618, 29.213293342659714 ], [ -99.787671513525169, 29.213281689775396 ], [ -99.787661578092468, 29.213269134632906 ], [ -99.787653087769783, 29.213255796111099 ], [ -99.787646122948232, 29.213241800506303 ], [ -99.787436922948217, 29.212758300767714 ], [ -99.787431640852745, 29.212744074426823 ], [ -99.787427935433684, 29.212729473608508 ], [ -99.787425840391279, 29.212714631104969 ], [ -99.787425374779673, 29.212699681906575 ], [ -99.787426542833487, 29.212684761974096 ], [ -99.787429333929495, 29.212670007002213 ], [ -99.787455633929497, 29.212563006967866 ], [ -99.787460069396218, 29.212548422599589 ], [ -99.787466090359501, 29.212534277842732 ], [ -99.787473641068701, 29.212520703669789 ], [ -99.787482651608656, 29.212507825770004 ], [ -99.787493038546899, 29.212495763385604 ], [ -99.787504705706411, 29.212484628207591 ], [ -99.787517545056019, 29.212474523341623 ], [ -99.787531437710769, 29.212465542353232 ], [ -99.787546255032694, 29.212457768401499 ], [ -99.787561859821935, 29.212451273469021 ], [ -99.787706759821901, 29.212398273394214 ], [ -99.787723852361012, 29.212392891057299 ], [ -99.787741480367757, 29.212389043173175 ], [ -99.78775946352404, 29.21238676910227 ], [ -99.787774442208345, 29.212386210530592 ], [ -99.787779707779336, 29.21237495730097 ], [ -99.787787944026732, 29.21236134665272 ], [ -99.787797669422019, 29.212348506354125 ], [ -99.787808790260982, 29.212336560121891 ], [ -99.78782119939423, 29.212325623058359 ], [ -99.78783477725969, 29.212315800542562 ], [ -99.787849393034506, 29.212307187214847 ], [ -99.787864905895617, 29.212299866064985 ], [ -99.787881166376451, 29.212293907632617 ], [ -99.788066966376448, 29.212235007547886 ], [ -99.788083815147615, 29.212230469833379 ], [ -99.788101092397397, 29.212227395512933 ], [ -99.788118631711129, 29.212225814198547 ], [ -99.788136264149927, 29.212225741121557 ], [ -99.788153819877934, 29.212227176985824 ], [ -99.788171129798172, 29.212230107961027 ], [ -99.78818802718132, 29.212234505815857 ], [ -99.788204349271567, 29.212240328189942 ], [ -99.788219938854354, 29.212247519001863 ], [ -99.788234645770643, 29.21225600898936 ], [ -99.788248328363252, 29.212265716376464 ], [ -99.788260854841255, 29.212276547661187 ], [ -99.788272104549534, 29.212288398516119 ], [ -99.788281969130722, 29.212301154793366 ], [ -99.788290353569082, 29.212314693623995 ], [ -99.788297177105591, 29.212328884601565 ], [ -99.788386777105586, 29.212544284714056 ], [ -99.788391973192461, 29.212558988306196 ], [ -99.788395493236251, 29.212574065590037 ], [ -99.78839730334461, 29.212589371395602 ], [ -99.788397386089173, 29.212604758352686 ], [ -99.788395740673195, 29.212620078309804 ], [ -99.788392382939406, 29.212635183760614 ], [ -99.78838734521733, 29.21264992926422 ], [ -99.788380676012054, 29.212664172845454 ], [ -99.788372439537284, 29.212677777361947 ], [ -99.788362715096881, 29.212690611824478 ], [ -99.788351596321519, 29.212702552658282 ], [ -99.788339190266981, 29.212713484892774 ], [ -99.788325616383489, 29.212723303268568 ], [ -99.788311005365557, 29.212731913250934 ], [ -99.788310878466731, 29.212731973140322 ], [ -99.788312849447792, 29.212734051272996 ], [ -99.788322704640123, 29.212746806334181 ], [ -99.78832892218567, 29.212756854855606 ], [ -99.788354809379413, 29.212749735865263 ], [ -99.788371860807203, 29.212745837975707 ], [ -99.788389267788205, 29.212743417215158 ], [ -99.788406862773869, 29.212742496884431 ], [ -99.788424476406064, 29.212743085842074 ], [ -99.78844193914712, 29.212745178419134 ], [ -99.7884590829118, 29.212748754473704 ], [ -99.78847574268508, 29.212753779584794 ], [ -99.788491758110567, 29.212760205383677 ], [ -99.788506975033968, 29.212767970019428 ], [ -99.788521246986861, 29.2127769987543 ], [ -99.788534436596407, 29.212787204683107 ], [ -99.788546416907892, 29.212798489569707 ], [ -99.78855707260638, 29.212810744792627 ], [ -99.78856630112692, 29.212823852390539 ], [ -99.788574013641608, 29.21283768619773 ], [ -99.788580135914685, 29.212852113058485 ], [ -99.78860963591471, 29.212933713096067 ], [ -99.788614109768105, 29.21294859724831 ], [ -99.78861689068907, 29.212963792452641 ], [ -99.788617951899155, 29.212979152389153 ], [ -99.788617283179619, 29.21299452915169 ], [ -99.788614890969768, 29.21300977467218 ], [ -99.788610798305001, 29.213024742146388 ], [ -99.788605044595016, 29.213039287447511 ], [ -99.788597685244241, 29.213053270514109 ], [ -99.788588791118414, 29.213066556698664 ], [ -99.788578447862065, 29.213079018064274 ], [ -99.788566755073987, 29.213090534616505 ], [ -99.788553825348018, 29.213100995458873 ], [ -99.788539783188952, 29.213110299860677 ], [ -99.78853272695298, 29.213114085752807 ], [ -99.788537895092517, 29.213119591467972 ], [ -99.788547678185211, 29.213132393512552 ], [ -99.788555976528471, 29.213145970840273 ], [ -99.78856271020851, 29.213160192699984 ], [ -99.788599510208542, 29.21325019274628 ], [ -99.788604616078658, 29.213264928108995 ], [ -99.788608041934879, 29.213280029433019 ], [ -99.788609754759605, 29.213295351175496 ], [ -99.788609738045139, 29.213310745669325 ], [ -99.788608683722316, 29.213319995489147 ], [ -99.788618766936636, 29.213316863756532 ], [ -99.788635655815639, 29.213312420476434 ], [ -99.788652962509147, 29.213309444125603 ], [ -99.788670520189982, 29.213307963394573 ], [ -99.78868815961161, 29.213307992556864 ], [ -99.788705710739521, 29.213309531331348 ], [ -99.788723004390349, 29.213312564885015 ], [ -99.788739873862653, 29.213317063975929 ], [ -99.788756156543855, 29.213322985235088 ], [ -99.788771695477664, 29.213330271584507 ], [ -99.788786340877223, 29.213338852787441 ], [ -99.788799951568762, 29.213348646125411 ], [ -99.788812396352597, 29.21335955719562 ], [ -99.788823555267712, 29.213371480820907 ], [ -99.788833320748239, 29.213384302063631 ], [ -99.78884159866017, 29.213397897333646 ], [ -99.788848309208987, 29.213412135579599 ], [ -99.788912009208971, 29.213568735659788 ], [ -99.788917085136944, 29.213583470554145 ], [ -99.788920482120744, 29.213598568697719 ], [ -99.788922167454913, 29.213613884728566 ], [ -99.788922124913455, 29.213629271187049 ], [ -99.788920354905883, 29.213644579935512 ], [ -99.7889168744735, 29.213659663584547 ], [ -99.788911717125188, 29.213674376912014 ], [ -99.788904932514839, 29.21368857826123 ], [ -99.788896585963258, 29.213702130904771 ], [ -99.788886757829331, 29.213714904360852 ], [ -99.788875542736335, 29.21372677564959 ], [ -99.788863048660843, 29.213737630476992 ], [ -99.788849395893251, 29.213747364335358 ], [ -99.788834715879574, 29.213755883509432 ], [ -99.788819149955998, 29.213763105978693 ], [ -99.788802847987995, 29.213768962206959 ], [ -99.788706747988002, 29.213798762163972 ], [ -99.788706275630872, 29.213798886211265 ] ] ] } },
{ "type": "Feature", "properties": { "name": "Uvalde High School", "category": "school" }, "geometry": { "type": "MultiPolygon", "coordinates": [ [ [ [ -99.783797955246698, 29.221384771899746 ], [ -99.783798857368595, 29.221385474508864 ], [ -99.783810796624465, 29.221396794202786 ], [ -99.783821407274587, 29.221409080584074 ], [ -99.783830587161646, 29.221422215361422 ], [ -99.783838247903404, 29.221436072075356 ], [ -99.783844315743622, 29.221450517315748 ], [ -99.783848732262342, 29.2214654120063 ], [ -99.783851454938073, 29.221480612743541 ], [ -99.783852457557458, 29.221495973177536 ], [ -99.783851730467433, 29.221511345420843 ], [ -99.783849280668306, 29.221526581472403 ], [ -99.783845131746261, 29.221541534642451 ], [ -99.783827331746267, 29.221594234619634 ], [ -99.783821521764708, 29.221608764989014 ], [ -99.783814107632011, 29.221622728293521 ], [ -99.783805160770584, 29.221635990020971 ], [ -99.783794767368079, 29.221648422417683 ], [ -99.783783027547074, 29.2216599057192 ], [ -99.783770054400577, 29.221670329303965 ], [ -99.783755972902554, 29.221679592758996 ], [ -99.783740918704083, 29.22168760684713 ], [ -99.783725036826468, 29.221694294366706 ], [ -99.783708480264337, 29.22169959089522 ], [ -99.783691408511729, 29.221703445409933 ], [ -99.783673986025661, 29.221705820779395 ], [ -99.783656380641858, 29.221706694121085 ], [ -99.783638761957945, 29.221706057021912 ], [ -99.783621299699647, 29.221703915619194 ], [ -99.783604162085865, 29.221700290541584 ], [ -99.783595163867616, 29.221697973728141 ], [ -99.783590268662522, 29.221699886036866 ], [ -99.783576196719864, 29.221703992864601 ], [ -99.783568852124461, 29.221707647633579 ], [ -99.78355281143854, 29.221713905480446 ], [ -99.783536147063941, 29.221718765960663 ], [ -99.783519018380389, 29.221722182588302 ], [ -99.783501589208313, 29.221724122686556 ], [ -99.783484026242078, 29.221724567700207 ], [ -99.783466497455606, 29.221723513373128 ], [ -99.78344917049597, 29.221720969788954 ], [ -99.783410970495964, 29.221713669799868 ], [ -99.78339391907555, 29.221709635239296 ], [ -99.783392450955233, 29.221709148386022 ], [ -99.783391941265563, 29.221709117912454 ], [ -99.783386457780111, 29.221708313338048 ], [ -99.783380400338245, 29.221714699280909 ], [ -99.783367867754862, 29.221725542107031 ], [ -99.783354176781103, 29.22173525959235 ], [ -99.783339459504802, 29.221743757984772 ], [ -99.783323857915349, 29.221750955293771 ], [ -99.783307522533917, 29.221756782081396 ], [ -99.783290610961046, 29.221761182132166 ], [ -99.783273286356348, 29.221764112995412 ], [ -99.783255715864215, 29.221765546394888 ], [ -99.783238069001371, 29.221765468501484 ], [ -99.783220516021302, 29.221763880066696 ], [ -99.78321426078179, 29.221763041297233 ], [ -99.783175186626266, 29.221972285236347 ], [ -99.783191468287498, 29.221972598363706 ], [ -99.783208975077414, 29.221974444127227 ], [ -99.783226190209888, 29.221977778818342 ], [ -99.7832429478416, 29.221982570311891 ], [ -99.783259086536503, 29.221988772448441 ], [ -99.783274450821182, 29.221996325478941 ], [ -99.783288892682549, 29.222005156640375 ], [ -99.783302272993737, 29.222015180856726 ], [ -99.783314462854491, 29.222026301558532 ], [ -99.783325344832775, 29.222038411613298 ], [ -99.78333481409615, 29.222051394357479 ], [ -99.783342779421702, 29.222065124720469 ], [ -99.783377279421728, 29.222132624762569 ], [ -99.783383660878997, 29.222146962085215 ], [ -99.783388402068894, 29.222161776086679 ], [ -99.783391457369135, 29.22217692421841 ], [ -99.783392797379932, 29.222192260716707 ], [ -99.783392409206996, 29.222207638005404 ], [ -99.783390296585509, 29.22222290811585 ], [ -99.783386479844282, 29.222237924110836 ], [ -99.783380995710104, 29.222252541498417 ], [ -99.783373896954245, 29.222266619622335 ], [ -99.78336525188486, 29.222280023015465 ], [ -99.783355143689448, 29.222292622703346 ], [ -99.78334366963459, 29.222304297445259 ], [ -99.7833309401299, 29.222314934900801 ], [ -99.783317077665615, 29.222324432710945 ], [ -99.783302215633896, 29.222332699482891 ], [ -99.783286497045253, 29.222339655669586 ], [ -99.783194697045261, 29.222375455619556 ], [ -99.783178270715226, 29.222381034992953 ], [ -99.783161296984829, 29.222385182741242 ], [ -99.78314393923209, 29.222387858941079 ], [ -99.783126364531441, 29.222389037833235 ], [ -99.783108742045428, 29.2223887080705 ], [ -99.783091241396647, 29.222386872826952 ], [ -99.783074031034886, 29.222383549767372 ], [ -99.783057276615821, 29.22237877087721 ], [ -99.783041139406606, 29.22237258215474 ], [ -99.783025774733431, 29.222365043168324 ], [ -99.783011330486644, 29.222356226483022 ], [ -99.782997945697105, 29.222346216962176 ], [ -99.782985749198076, 29.222335110950564 ], [ -99.782974858385074, 29.222323015347062 ], [ -99.782965378085947, 29.222310046575718 ], [ -99.782957399551904, 29.222296329465152 ], [ -99.782923603772446, 29.222230398434231 ], [ -99.782757181980031, 29.222206729829935 ], [ -99.782755434734611, 29.222207948314267 ], [ -99.782740652292759, 29.222216327596723 ], [ -99.782725000154016, 29.222223402342223 ], [ -99.782708628979933, 29.222229104452225 ], [ -99.782691696353211, 29.22223337904062 ], [ -99.782674365260888, 29.222236184962021 ], [ -99.782656802525523, 29.222237495207807 ], [ -99.782639177199272, 29.222237297166117 ], [ -99.78262165893689, 29.22223559274321 ], [ -99.782554958936899, 29.222226192757407 ], [ -99.782537763204601, 29.222223009151627 ], [ -99.782521006260836, 29.222218374215863 ], [ -99.782504848517249, 29.222212332319437 ], [ -99.782489444649386, 29.222204941300255 ], [ -99.782487488465506, 29.222203771923958 ], [ -99.78248703438426, 29.222203686652556 ], [ -99.782470245918901, 29.222198991553114 ], [ -99.782454065528498, 29.222192883081508 ], [ -99.78243864900486, 29.222185420052501 ], [ -99.782424144785011, 29.222176674323098 ], [ -99.782418304019316, 29.22217235669482 ], [ -99.782316155284931, 29.222157877074014 ], [ -99.78230122755366, 29.222160289521661 ], [ -99.782296761178486, 29.22216062234012 ], [ -99.78228971464047, 29.222163068625047 ], [ -99.782272729338018, 29.22216733412926 ], [ -99.782255345993462, 29.222170122469606 ], [ -99.782237732839576, 29.222171406661186 ], [ -99.782227774426076, 29.22217127571264 ], [ -99.782323190749182, 29.22235470489845 ], [ -99.782331497840119, 29.222358838820874 ], [ -99.782345799444641, 29.222367670106649 ], [ -99.782359047479659, 29.222377675062159 ], [ -99.782371115972268, 29.222388758551972 ], [ -99.782381890165638, 29.22240081518509 ], [ -99.782391267610109, 29.222413730317115 ], [ -99.782399159137483, 29.222427381140356 ], [ -99.782409283552596, 29.222447247929633 ], [ -99.782516794077324, 29.222651020322264 ], [ -99.782523373437371, 29.222665295763658 ], [ -99.782528317866692, 29.222680065266712 ], [ -99.782531579749985, 29.222695186599832 ], [ -99.782533127675123, 29.222710514143341 ], [ -99.782532946735458, 29.222725900291803 ], [ -99.78253103867344, 29.222741196875472 ], [ -99.78252742186389, 29.222756256587179 ], [ -99.782522131136901, 29.222770934400938 ], [ -99.782515217442594, 29.2227850889685 ], [ -99.782506747360358, 29.22279858398058 ], [ -99.782496802457686, 29.222811289479498 ], [ -99.782485478504768, 29.222823083110669 ], [ -99.782472884552064, 29.222833851300901 ], [ -99.782459141880295, 29.222843490352034 ], [ -99.782444382832409, 29.222851907439651 ], [ -99.782428749539136, 29.222859021506874 ], [ -99.782090349539146, 29.222995021317764 ], [ -99.782073999499843, 29.223000761747731 ], [ -99.782057083688755, 29.223005076558579 ], [ -99.78203976487066, 29.223007924233134 ], [ -99.782022209688137, 29.223009277371059 ], [ -99.78200458705804, 29.223009122952444 ], [ -99.781987066546208, 29.22300746246313 ], [ -99.781969816735881, 29.223004311880331 ], [ -99.781953003605679, 29.22299970151899 ], [ -99.781937785327344, 29.222994046025402 ], [ -99.781936141340182, 29.22299861016937 ], [ -99.781929223366362, 29.223012778168368 ], [ -99.781924384908422, 29.223020487627362 ], [ -99.781924235145794, 29.22302111211711 ], [ -99.781918949397891, 29.223035791100351 ], [ -99.781912040538799, 29.223049947264666 ], [ -99.781903575100017, 29.223063444288105 ], [ -99.781893634602724, 29.22307615219616 ], [ -99.781882314772773, 29.223087948613461 ], [ -99.781869724618829, 29.223098719942215 ], [ -99.781855985382578, 29.223108362456109 ], [ -99.781841229371324, 29.223116783299176 ], [ -99.781825598683724, 29.223123901379989 ], [ -99.781608298683707, 29.223211301258463 ], [ -99.781591948651965, 29.223217046570742 ], [ -99.781575032241335, 29.223221366072298 ], [ -99.781557712261005, 29.223224218191014 ], [ -99.781540155404144, 29.223225575477272 ], [ -99.781522530643741, 29.223225424868161 ], [ -99.781505007606327, 29.223223767813199 ], [ -99.781488062462017, 29.223220676364345 ], [ -99.781483353223507, 29.223222819520249 ], [ -99.781357953223505, 29.223273219450174 ], [ -99.781341605794097, 29.223278959442645 ], [ -99.781324692699343, 29.223283274259039 ], [ -99.781307376629925, 29.223286122394423 ], [ -99.781289824152736, 29.223287476452093 ], [ -99.781272204108731, 29.223287323407149 ], [ -99.781254685988856, 29.223285664731762 ], [ -99.781237438303535, 29.223282516380994 ], [ -99.781220626961954, 29.223277908639368 ], [ -99.781204413675866, 29.223271885829519 ], [ -99.781188954404357, 29.223264505885894 ], [ -99.781174397853349, 29.223255839797421 ], [ -99.78116088404542, 29.223245970924712 ], [ -99.781148542972701, 29.223234994198211 ], [ -99.781137493346577, 29.223223015205022 ], [ -99.781127841455728, 29.223210149173255 ], [ -99.781119680143718, 29.223196519863677 ], [ -99.7810840801437, 29.223129219906859 ], [ -99.781077483871144, 29.223114948251609 ], [ -99.781072522415698, 29.223100181011105 ], [ -99.781069243569362, 29.223085060432911 ], [ -99.781067678916145, 29.223069732168241 ], [ -99.781067843527822, 29.223054343868942 ], [ -99.781069735818733, 29.223039043765205 ], [ -99.781073337561082, 29.223023979237741 ], [ -99.781078614060533, 29.223009295398118 ], [ -99.781085514490385, 29.222995133690887 ], [ -99.781093972381143, 29.222981630531159 ], [ -99.781103906260896, 29.222968915990513 ], [ -99.781115220439986, 29.222957112544069 ], [ -99.781127805932769, 29.222946333890704 ], [ -99.78114154150758, 29.2229366838578 ], [ -99.781156294854313, 29.22292825540115 ], [ -99.781171923859063, 29.222921129709494 ], [ -99.781297323859064, 29.222870629639303 ], [ -99.781313680309211, 29.222864874641619 ], [ -99.781330604471506, 29.22286054688513 ], [ -99.781347933275597, 29.222857688069485 ], [ -99.781349802108608, 29.2228575431363 ], [ -99.781359538144386, 29.22284920878511 ], [ -99.781373277494481, 29.222839560906948 ], [ -99.781388034429867, 29.222831135018275 ], [ -99.781403666779724, 29.222824012295845 ], [ -99.78158664524527, 29.22275037556695 ], [ -99.781568409709536, 29.222739013984643 ], [ -99.781553322221058, 29.222728501479939 ], [ -99.78153961435882, 29.22271663678799 ], [ -99.781527444409406, 29.222703556911565 ], [ -99.781516952900873, 29.222689412885352 ], [ -99.781508260980075, 29.222674368031935 ], [ -99.781405660980113, 29.222470168157475 ], [ -99.781399382783903, 29.222455793899954 ], [ -99.78139474874304, 29.222440951912898 ], [ -99.781391803461219, 29.222425785053709 ], [ -99.781390575287489, 29.22241043930681 ], [ -99.781391076043263, 29.222395062378528 ], [ -99.781393300908675, 29.222379802275377 ], [ -99.781397228468876, 29.222364805879483 ], [ -99.781402820920192, 29.222350217534789 ], [ -99.781410024433981, 29.222336177657688 ], [ -99.781418769674744, 29.222322821385514 ], [ -99.781428972467538, 29.222310277275771 ], [ -99.781432417870903, 29.222306817251201 ], [ -99.781430644881567, 29.222301136666569 ], [ -99.781427700915117, 29.222285966454837 ], [ -99.781426474771905, 29.222270617462545 ], [ -99.781426978258551, 29.22225523748666 ], [ -99.781429206526937, 29.222239974622592 ], [ -99.78143313812086, 29.222224975838117 ], [ -99.781438735182576, 29.222210385558217 ], [ -99.781445943817388, 29.22219634427443 ], [ -99.781454694612634, 29.222182987191953 ], [ -99.781464903305988, 29.222170442927823 ], [ -99.781476471596889, 29.222158832272374 ], [ -99.781489288093084, 29.222148267026125 ], [ -99.781503229383191, 29.222138848923283 ], [ -99.781518161225065, 29.222130668652046 ], [ -99.781533939838511, 29.222123804981411 ], [ -99.78167848318239, 29.222068480231567 ], [ -99.781676367332082, 29.222063790032077 ], [ -99.781671624845444, 29.222049357233292 ], [ -99.781668485864955, 29.22203459472501 ], [ -99.781666979173295, 29.222019637870961 ], [ -99.781667118586, 29.222004623816972 ], [ -99.781668902824734, 29.221989690233436 ], [ -99.781672315528994, 29.221974974052909 ], [ -99.781677325406264, 29.221960610214566 ], [ -99.781683886518792, 29.221946730426851 ], [ -99.781691938704881, 29.221933461959779 ], [ -99.78170140813053, 29.221920926477942 ], [ -99.781741908130513, 29.221872526434247 ], [ -99.781752806430646, 29.221860742264447 ], [ -99.781764956469075, 29.221849930595049 ], [ -99.781778244912005, 29.221840192276076 ], [ -99.781792547806759, 29.221831618145487 ], [ -99.781807731737985, 29.221824288181843 ], [ -99.781823655072145, 29.221818270758241 ], [ -99.781840169278681, 29.2218136220046 ], [ -99.781857120315451, 29.221810385284012 ], [ -99.781859062944363, 29.22181018295727 ], [ -99.781892454184302, 29.221630497968452 ], [ -99.781892921342418, 29.221628101773483 ], [ -99.781906762064111, 29.221560291233953 ], [ -99.781902275193772, 29.221550232670989 ], [ -99.781897514420606, 29.221535387446778 ], [ -99.781895726643981, 29.221526539358848 ], [ -99.781887266794897, 29.221521149210645 ], [ -99.781874106509989, 29.221510894425421 ], [ -99.78186216212039, 29.221499562591735 ], [ -99.781851548803559, 29.221487262979963 ], [ -99.781831948803543, 29.221462063001624 ], [ -99.781822778014046, 29.221448928831933 ], [ -99.781815125787276, 29.221435073695698 ], [ -99.781809065752938, 29.221420630906742 ], [ -99.781804656220686, 29.221405739433326 ], [ -99.781801939619015, 29.221390542561004 ], [ -99.781800942087088, 29.221375186513935 ], [ -99.781801150572036, 29.22137080444903 ], [ -99.781246552766603, 29.221292907369104 ], [ -99.78122930384508, 29.221289719887302 ], [ -99.781212495967992, 29.221285072215938 ], [ -99.781196291005315, 29.221279009114681 ], [ -99.781180845020529, 29.221271588974595 ], [ -99.781166306767744, 29.221262883255797 ], [ -99.781152816259052, 29.221252975799256 ], [ -99.781140503416182, 29.221241962019402 ], [ -99.781129486819154, 29.22122994798519 ], [ -99.781119872564418, 29.221217049398664 ], [ -99.78111175324301, 29.221203390480628 ], [ -99.781105207048881, 29.221189102774385 ], [ -99.781100297025802, 29.221174323878881 ], [ -99.781097070460248, 29.221159196123565 ], [ -99.78109555842596, 29.221143865197682 ], [ -99.781095775484758, 29.22112847874719 ], [ -99.781097719546224, 29.221113184952838 ], [ -99.781161119546212, 29.220769384869211 ], [ -99.781164779533, 29.220754305666745 ], [ -99.781170118240141, 29.22073961294112 ], [ -99.781177084077882, 29.220725448673392 ], [ -99.781185609732987, 29.220711949737961 ], [ -99.781195604922701, 29.220699256607734 ], [ -99.78120844888447, 29.22062960654938 ], [ -99.78120412721114, 29.220616634846266 ], [ -99.781200886918811, 29.220601501762182 ], [ -99.781199362638276, 29.220586164294939 ], [ -99.781199569063332, 29.220570770294731 ], [ -99.781201504204049, 29.220555468156753 ], [ -99.781263804204031, 29.220216468074565 ], [ -99.781267447522055, 29.220201411509084 ], [ -99.781272764376155, 29.220186739136494 ], [ -99.781279703555896, 29.220172592277251 ], [ -99.781288198224928, 29.220159107190248 ], [ -99.781298166565023, 29.220146413760439 ], [ -99.781309512563794, 29.220134634247746 ], [ -99.781322126939727, 29.220123882109537 ], [ -99.781335888194647, 29.220114260907792 ], [ -99.781350663783925, 29.220105863311606 ], [ -99.781366311393128, 29.220098770204626 ], [ -99.781382680308795, 29.220093049905987 ], [ -99.781399612870032, 29.220088757512276 ], [ -99.781416945987061, 29.220085934366811 ], [ -99.781434512712096, 29.220084607661487 ], [ -99.781452143847218, 29.22008479017482 ], [ -99.781469669574236, 29.220086480148879 ], [ -99.782283569574219, 29.220200480321182 ], [ -99.782300826366765, 29.220203662686909 ], [ -99.782317642463212, 29.220208306485414 ], [ -99.782333855795443, 29.220214366961084 ], [ -99.782349310104536, 29.22022178570473 ], [ -99.782363856446807, 29.220230491216583 ], [ -99.782377354629276, 29.220240399595408 ], [ -99.78238967456079, 29.220251415347086 ], [ -99.782400697505764, 29.220263432304993 ], [ -99.78241031722861, 29.2202763346532 ], [ -99.782418441017541, 29.220289998042695 ], [ -99.7824203635993, 29.22029419358778 ], [ -99.782539076586716, 29.220311913758938 ], [ -99.782546176421135, 29.220271140969547 ], [ -99.782549712145411, 29.2202559413495 ], [ -99.78255495111884, 29.220241120936087 ], [ -99.782561842084135, 29.220226824730176 ], [ -99.782570317621094, 29.220213192603918 ], [ -99.78258029480638, 29.220200357932274 ], [ -99.782591676024708, 29.220188446288034 ], [ -99.782604349923972, 29.220177574213267 ], [ -99.782618192504657, 29.220167848079054 ], [ -99.78263306833307, 29.22015936304475 ], [ -99.782648831866339, 29.220152202126965 ], [ -99.782665328876462, 29.220146435387313 ], [ -99.782682397959192, 29.220142119246937 ], [ -99.782699872113213, 29.220139295934487 ], [ -99.78271758037404, 29.220137993072949 ], [ -99.782735349486757, 29.220138223409393 ], [ -99.782753005601037, 29.22013998469021 ], [ -99.783061105601021, 29.220184284757121 ], [ -99.783078335161662, 29.220187526815753 ], [ -99.783095117821773, 29.220192226680947 ], [ -99.783111292062031, 29.220198339120145 ], [ -99.783126702218539, 29.220205805305866 ], [ -99.783141199981173, 29.220214553381872 ], [ -99.783154645820758, 29.220224499154778 ], [ -99.783166910332113, 29.220235546904313 ], [ -99.783177875479339, 29.220247590304567 ], [ -99.783187435731833, 29.220260513447329 ], [ -99.783195499079966, 29.220274191957596 ], [ -99.783201987920634, 29.220288494190605 ], [ -99.783206839804038, 29.220303282498818 ], [ -99.783210008034757, 29.220318414556672 ], [ -99.78321146212113, 29.220333744730361 ], [ -99.783211188068819, 29.220349125479416 ], [ -99.783209188515329, 29.220364408776724 ], [ -99.783206716197128, 29.220377548299147 ], [ -99.783207591785455, 29.220378510258929 ], [ -99.783217152948552, 29.220391439540833 ], [ -99.783225215950878, 29.220405124489282 ], [ -99.783231703136067, 29.220419433301593 ], [ -99.783236552024775, 29.220434228166575 ], [ -99.783239715916395, 29.220449366591804 ], [ -99.783241164338904, 29.220464702776052 ], [ -99.783240883342245, 29.220480089013474 ], [ -99.783238875632733, 29.220495377116237 ], [ -99.783230721461436, 29.220538594234441 ], [ -99.783232066645454, 29.220540409473184 ], [ -99.783240144225772, 29.220554086765485 ], [ -99.783246646877458, 29.220568389169625 ], [ -99.783251511980083, 29.220583178953412 ], [ -99.783254692682732, 29.220598313691259 ], [ -99.783256158355314, 29.220613647635723 ], [ -99.783255894883425, 29.220629033121078 ], [ -99.783253904804269, 29.220644321985333 ], [ -99.783248796124582, 29.220671568276419 ], [ -99.783249999351284, 29.220668290019074 ], [ -99.783257006685716, 29.220654152527494 ], [ -99.783265569611729, 29.220640683305088 ], [ -99.783275605493017, 29.22062801233648 ], [ -99.783287017478628, 29.220616261902826 ], [ -99.783290172125419, 29.22061359532416 ], [ -99.783320910482246, 29.220450196578902 ], [ -99.783324616577701, 29.220435154850538 ], [ -99.78332999391651, 29.220420502521833 ], [ -99.783336990726212, 29.220406380664119 ], [ -99.783345539642198, 29.220392925241416 ], [ -99.783355558356433, 29.220380265801445 ], [ -99.783366950409771, 29.220368524228309 ], [ -99.783379606120633, 29.220357813569006 ], [ -99.783393403641199, 29.220348236944997 ], [ -99.783408210130347, 29.220339886559358 ], [ -99.783423883032683, 29.220332842809071 ], [ -99.783440271451155, 29.220327173510888 ], [ -99.783457217599747, 29.220322933248486 ], [ -99.783474558322652, 29.220320162846843 ], [ -99.783492126665223, 29.220318888979218 ], [ -99.783509753481226, 29.220319123910343 ], [ -99.783527269061494, 29.220320865378309 ], [ -99.783708269061492, 29.220346765417439 ], [ -99.783725507245038, 29.220349997231391 ], [ -99.783742299457671, 29.220354688123141 ], [ -99.783758483978701, 29.220360792915951 ], [ -99.783773904939963, 29.220368252816179 ], [ -99.783788413826869, 29.22037699597951 ], [ -99.783801870908789, 29.22038693820291 ], [ -99.783814146584646, 29.220397983735506 ], [ -99.783825122631171, 29.220410026200831 ], [ -99.783834693341433, 29.220422949621224 ], [ -99.783842766542818, 29.220436629534898 ], [ -99.7838492644848, 29.220450934194474 ], [ -99.783854124587677, 29.220465725835933 ], [ -99.783857300045298, 29.220480862005306 ], [ -99.783858760275805, 29.220496196930661 ], [ -99.783858491216137, 29.220511582925962 ], [ -99.783856495457542, 29.22052687181338 ], [ -99.783769695457565, 29.220988871698943 ], [ -99.783765991873082, 29.221003917304962 ], [ -99.783760616222921, 29.221018573602738 ], [ -99.783753620286262, 29.221032699420569 ], [ -99.783745071449104, 29.221046158696495 ], [ -99.783735052055277, 29.221058821788812 ], [ -99.783723658613212, 29.221070566724848 ], [ -99.783711000866461, 29.22108128037577 ], [ -99.783697200736526, 29.221090859546251 ], [ -99.783682391148545, 29.221099211968475 ], [ -99.783674374762441, 29.221102814659911 ], [ -99.783684965624374, 29.221135866475354 ], [ -99.783685715486783, 29.221136002143258 ], [ -99.783702464944085, 29.221140557624405 ], [ -99.783718625450732, 29.221146517114565 ], [ -99.783734042910552, 29.221153823787656 ], [ -99.783748570312596, 29.221162407971669 ], [ -99.783762069132962, 29.221172187813057 ], [ -99.783774410655582, 29.221183070057229 ], [ -99.7837854771997, 29.2211949509378 ], [ -99.783795163241848, 29.221207717166028 ], [ -99.783803376422185, 29.221221247011101 ], [ -99.783810038425145, 29.22123541146086 ], [ -99.783815085726147, 29.221250075452019 ], [ -99.783818470197403, 29.221265099158046 ], [ -99.783820159566744, 29.221280339322437 ], [ -99.783820137725485, 29.221295650624764 ], [ -99.783818404881842, 29.221310887066316 ], [ -99.783813304881846, 29.221340787059578 ], [ -99.783809795664396, 29.2213560875261 ], [ -99.783804561323336, 29.2213710078247 ], [ -99.783797955246698, 29.221384771899746 ] ], [ [ -99.783122769359281, 29.221291013633682 ], [ -99.783065220407295, 29.22128276034482 ], [ -99.783039806285728, 29.22142289005734 ], [ -99.783094306495585, 29.221430643859602 ], [ -99.783095471349426, 29.221430861267379 ], [ -99.783107062548993, 29.221422650926787 ], [ -99.783121777200677, 29.221414171059291 ], [ -99.78313737345502, 29.221406990908779 ], [ -99.783151789554481, 29.221401859982247 ], [ -99.783147617395542, 29.221396429691239 ], [ -99.783139384212575, 29.221383086873587 ], [ -99.783132665377366, 29.221369112715241 ], [ -99.783127523651558, 29.221354637750689 ], [ -99.783124007064785, 29.221339797192535 ], [ -99.783122148465978, 29.221324729668531 ], [ -99.783121965216637, 29.221309575926579 ], [ -99.783122769359281, 29.221291013633682 ] ], [ [ -99.783232157964903, 29.220744565099366 ], [ -99.783231034805141, 29.220747630497879 ], [ -99.783224042557478, 29.22076176006788 ], [ -99.783217156292437, 29.220772608834721 ], [ -99.783222345728163, 29.220771776607929 ], [ -99.783227108953909, 29.220771428756859 ], [ -99.783232157964903, 29.220744565099366 ] ] ], [ [ [ -99.783976682083747, 29.224203905878682 ], [ -99.783977064450156, 29.224205246830255 ], [ -99.783979624541729, 29.224220469081278 ], [ -99.783980462851531, 29.224235837015513 ], [ -99.783980162851549, 29.224409037015111 ], [ -99.783979272794426, 29.224424389663042 ], [ -99.783976664366961, 29.224439592460328 ], [ -99.783972362641464, 29.224454499277233 ], [ -99.783966408966279, 29.224468966829093 ], [ -99.783964663056807, 29.224472179342477 ], [ -99.783964663056807, 29.224720230743003 ], [ -99.783965217327591, 29.224721250917678 ], [ -99.783971169520996, 29.224735720578131 ], [ -99.78397546935831, 29.224750629399207 ], [ -99.783978075500855, 29.224765834047123 ], [ -99.78397896289313, 29.224781188344057 ], [ -99.783979162893118, 29.224910488344321 ], [ -99.783978321583888, 29.224925857417428 ], [ -99.783975758215732, 29.224941080521731 ], [ -99.783971497473928, 29.224956011058222 ], [ -99.783965580389633, 29.224970505245409 ], [ -99.78395806394461, 29.224984423503905 ], [ -99.783949020522485, 29.224997631800587 ], [ -99.783938537211796, 29.225010002939339 ], [ -99.783926714967237, 29.225021417785914 ], [ -99.783913667637506, 29.225031766415242 ], [ -99.783899520868871, 29.22504094916993 ], [ -99.783884410895311, 29.225048877620026 ], [ -99.783868483226456, 29.225055475414532 ], [ -99.7838518912464, 29.225060679016686 ], [ -99.783834794736549, 29.22506443831583 ], [ -99.783817358336975, 29.22506671710989 ], [ -99.78379974996092, 29.225067493454102 ], [ -99.78338794996094, 29.22506799345334 ], [ -99.783370335252272, 29.225067259538889 ], [ -99.783352887841559, 29.225065022094377 ], [ -99.783335775823133, 29.225061302676011 ], [ -99.78331916406006, 29.225056137117779 ], [ -99.783303212595783, 29.225049575186244 ], [ -99.783288075112125, 29.225041680101032 ], [ -99.783273897448879, 29.225032527925812 ], [ -99.783260816198478, 29.225022206835458 ], [ -99.783248957390171, 29.225010816266558 ], [ -99.783238435275834, 29.224998465959434 ], [ -99.783229351229096, 29.224985274900856 ], [ -99.783221792768785, 29.224971370177705 ], [ -99.783215832715712, 29.224956885752615 ], [ -99.783211528491051, 29.224941961173279 ], [ -99.783208921563215, 29.22492674022806 ], [ -99.783208757765152, 29.2249238938257 ], [ -99.783186716254946, 29.2249238938257 ], [ -99.783185471383007, 29.224931161725813 ], [ -99.783181167723072, 29.22494608450021 ], [ -99.783175208633324, 29.224960567239513 ], [ -99.78316765151169, 29.224974470446188 ], [ -99.78315856914837, 29.224987660204828 ], [ -99.783148049024703, 29.225000009471987 ], [ -99.783136192470508, 29.225011399299845 ], [ -99.783123113688063, 29.225021719981928 ], [ -99.783108938652234, 29.225030872109766 ], [ -99.783093803896989, 29.225038767530393 ], [ -99.783077855200219, 29.225045330195424 ], [ -99.783061246179784, 29.225050496893523 ], [ -99.7830441368138, 29.225054217859284 ], [ -99.783026691899636, 29.225056457252528 ], [ -99.78300907946668, 29.225057193503496 ], [ -99.782448979466679, 29.225056593504416 ], [ -99.782431368969739, 29.225055819505201 ], [ -99.782413930224962, 29.225053542695115 ], [ -99.782396831205887, 29.225049785004753 ], [ -99.782380236613847, 29.225044582628801 ], [ -99.782364306291328, 29.225037985677403 ], [ -99.782349193682506, 29.225030057693488 ], [ -99.782335044355108, 29.225020875040727 ], [ -99.782321994598405, 29.225010526168024 ], [ -99.782310170110279, 29.224999110757469 ], [ -99.782299684786707, 29.224986738764347 ], [ -99.782290639624435, 29.2249735293579 ], [ -99.78228312174835, 29.224959609773563 ], [ -99.782277203572178, 29.224945114087355 ], [ -99.782272942101002, 29.22493018192452 ], [ -99.782270378382208, 29.224914957114553 ], [ -99.782269537110025, 29.224899586305863 ], [ -99.782269610365333, 29.2248526785237 ], [ -99.782268246343634, 29.224852250127384 ], [ -99.782252330855755, 29.224845650620423 ], [ -99.782237232680586, 29.224837722251941 ], [ -99.782223097046469, 29.224828541284111 ], [ -99.782210059923216, 29.224818196027744 ], [ -99.782198246714046, 29.224806785992861 ], [ -99.782187771049422, 29.224794420931502 ], [ -99.78217873369411, 29.224781219782084 ], [ -99.782171221577869, 29.224767309525305 ], [ -99.782165306959229, 29.22475282396276 ], [ -99.782161046730522, 29.224737902429936 ], [ -99.782158481870653, 29.22472268845593 ], [ -99.782157637050787, 29.22470732838287 ], [ -99.782157789936164, 29.224585427842626 ], [ -99.782149497177457, 29.224578841328135 ], [ -99.782137681163007, 29.224567416261582 ], [ -99.782127205548292, 29.224555035252745 ], [ -99.782118171265068, 29.224541817591401 ], [ -99.782110665358019, 29.224527890628451 ], [ -99.782104760145998, 29.224513388548893 ], [ -99.782100512525275, 29.224498451078976 ], [ -99.782097963421378, 29.224483222139963 ], [ -99.782097137394729, 29.224467848461465 ], [ -99.782097537394705, 29.224312148460928 ], [ -99.782098441584907, 29.224296785238728 ], [ -99.782101066505547, 29.22428157328471 ], [ -99.782105386889114, 29.224266659029414 ], [ -99.782111361147557, 29.224252186037795 ], [ -99.782118931772601, 29.224238293627248 ], [ -99.782128025889335, 29.224225115526515 ], [ -99.782138555957687, 29.224212778588441 ], [ -99.782150420615068, 29.224201401568855 ], [ -99.782163505652221, 29.224191093983404 ], [ -99.782177685112373, 29.224181955053353 ], [ -99.78219282250393, 29.224174072750472 ], [ -99.782208772114188, 29.224167522950193 ], [ -99.782225380412015, 29.224162368701219 ], [ -99.782242487525764, 29.224158659618631 ], [ -99.782259928782167, 29.224156431406243 ], [ -99.782277536291488, 29.224155705512949 ], [ -99.782964636943177, 29.224156827922478 ], [ -99.782964636943177, 29.224145926801139 ], [ -99.782963220755846, 29.224143433319359 ], [ -99.782274670604934, 29.224140993732135 ], [ -99.782257064046121, 29.224140176320663 ], [ -99.782239634075722, 29.224137856746186 ], [ -99.782222548556888, 29.224134057347772 ], [ -99.78220597203547, 29.224128814716213 ], [ -99.782190064155259, 29.224122179341595 ], [ -99.782174978120565, 29.224114215127074 ], [ -99.782160859220809, 29.224104998773477 ], [ -99.782147843431105, 29.224094619040574 ], [ -99.782136056102857, 29.224083175892339 ], [ -99.782125610756523, 29.224070779534163 ], [ -99.782116607988314, 29.224057549351564 ], [ -99.78210913450134, 29.224043612760433 ], [ -99.782103262270667, 29.224029103979888 ], [ -99.782099047850096, 29.224014162739703 ], [ -99.782096531827534, 29.22399893293462 ], [ -99.782095738434037, 29.223983561238512 ], [ -99.782096638434055, 29.223790761237304 ], [ -99.782097575519785, 29.223775393883059 ], [ -99.782100234250294, 29.223760180712741 ], [ -99.782104589014168, 29.223745268274236 ], [ -99.782110597862172, 29.223730800218537 ], [ -99.782118202911334, 29.223716915915986 ], [ -99.782127330902583, 29.223703749113703 ], [ -99.782137893906366, 29.223691426647196 ], [ -99.78214979016974, 29.223680067218567 ], [ -99.782162905096598, 29.223669780252987 ], [ -99.782177112351377, 29.22366066484468 ], [ -99.782192275076298, 29.223652808802285 ], [ -99.782208247209454, 29.223646287802982 ], [ -99.78222487489208, 29.223641164663547 ], [ -99.782241997950408, 29.22363748873514 ], [ -99.782259451438847, 29.223635295427975 ], [ -99.782277067228705, 29.223634605870192 ], [ -99.783028367228667, 29.22363740587447 ], [ -99.783045971552539, 29.223638226342899 ], [ -99.783063398986215, 29.223640548602361 ], [ -99.783080481729897, 29.223644350292936 ], [ -99.78308846673005, 29.22364687705468 ], [ -99.783088184062919, 29.223645208261036 ], [ -99.7830873373332, 29.223629673285952 ], [ -99.783087937333207, 29.223378373285151 ], [ -99.783088839386423, 29.223363004154514 ], [ -99.783091463458859, 29.223347786221282 ], [ -99.783095784272589, 29.223332866081467 ], [ -99.78310176020473, 29.223318387462452 ], [ -99.783109333688543, 29.223304489838466 ], [ -99.783118431767889, 29.22329130708702 ], [ -99.783128966800064, 29.223278966199175 ], [ -99.783140837299968, 29.223267586056309 ], [ -99.783153928917898, 29.22325727628483 ], [ -99.783168115540988, 29.223248136200151 ], [ -99.783183260507997, 29.223240253849976 ], [ -99.783199217925954, 29.223233705166084 ], [ -99.783215834075392, 29.223228553232861 ], [ -99.783232948891268, 29.223224847679635 ], [ -99.78325039750483, 29.223222624202531 ], [ -99.783268011831765, 29.223221904220637 ], [ -99.78366791183177, 29.223222704221861 ], [ -99.783685517531438, 29.223223494260878 ], [ -99.783702949758492, 29.223225786322956 ], [ -99.783720040675561, 29.223229558340041 ], [ -99.783736625731436, 29.223234773995028 ], [ -99.783752545245363, 29.223241383071404 ], [ -99.78376764594438, 29.223249321936798 ], [ -99.783781782439078, 29.223258514155567 ], [ -99.78379481862342, 29.223268871224775 ], [ -99.783806628985118, 29.22328029342632 ], [ -99.783814899328945, 29.223290069636942 ], [ -99.783816459749744, 29.223290025190796 ], [ -99.783892959749735, 29.223291125192478 ], [ -99.783910548497715, 29.223292132819953 ], [ -99.783927939457783, 29.223294639772885 ], [ -99.783944965234696, 29.223298621920701 ], [ -99.783961461948195, 29.223304040933389 ], [ -99.783977270810524, 29.223310844650445 ], [ -99.783992239654722, 29.223318967582994 ], [ -99.78400622439942, 29.223328331544092 ], [ -99.784019090435578, 29.223338846401369 ], [ -99.784030713922235, 29.223350410944576 ], [ -99.784040982978453, 29.223362913859809 ], [ -99.784049798760265, 29.223376234800941 ], [ -99.784057076412054, 29.22339024554806 ], [ -99.784062745883404, 29.22340481124159 ], [ -99.78406675260328, 29.223419791680417 ], [ -99.784069058005286, 29.223435042671412 ], [ -99.784069639899002, 29.223450417417293 ], [ -99.784067639899021, 29.22355911741462 ], [ -99.784066491611966, 29.223574476061287 ], [ -99.784063623437561, 29.223589662457762 ], [ -99.784059063012606, 29.223604530272951 ], [ -99.784052854279892, 29.223618936245575 ], [ -99.784045057064759, 29.223632741564568 ], [ -99.784035746498617, 29.22364581320663 ], [ -99.784025012295103, 29.223658025217944 ], [ -99.784012957885494, 29.22366925992786 ], [ -99.783999699422168, 29.223679409082688 ], [ -99.783985364659415, 29.223688374888798 ], [ -99.783970091722352, 29.223696070954908 ], [ -99.783954027776048, 29.223702423124514 ], [ -99.783937327607475, 29.223707370190425 ], [ -99.783927432434879, 29.223709383331059 ], [ -99.784017826003378, 29.22371000949488 ], [ -99.784035404799283, 29.223710884252288 ], [ -99.784052801065442, 29.223713256488494 ], [ -99.784069847721128, 29.223717103419467 ], [ -99.784086381043309, 29.223722388097592 ], [ -99.784102242239385, 29.223729059766452 ], [ -99.784117278971948, 29.223737054348391 ], [ -99.784131346822221, 29.223746295059936 ], [ -99.784144310676893, 29.223756693149223 ], [ -99.784156046025871, 29.223768148748491 ], [ -99.784166440158103, 29.223780551833208 ], [ -99.784175393244197, 29.223793783278825 ], [ -99.784182819295097, 29.223807716004909 ], [ -99.784188646988, 29.223822216195686 ], [ -99.784192820351393, 29.223837144585264 ], [ -99.784195299302638, 29.223852357795231 ], [ -99.784196060032855, 29.223867709711676 ], [ -99.784194860032869, 29.224048209710073 ], [ -99.784193892868046, 29.224063572674499 ], [ -99.784191205017237, 29.224078778942307 ], [ -99.784186822362543, 29.224093682087982 ], [ -99.784180787105825, 29.224108138604947 ], [ -99.784173157362346, 29.22412200928737 ], [ -99.784164006601117, 29.224135160570643 ], [ -99.78415342293755, 29.22414746581752 ], [ -99.78414150828479, 29.224158806537492 ], [ -99.784128377372554, 29.224169073527776 ], [ -99.784114156642232, 29.224178167924862 ], [ -99.784098983029395, 29.224186002156443 ], [ -99.784083002645204, 29.224192500784721 ], [ -99.784066369369498, 29.224197601232746 ], [ -99.784049243368926, 29.224201254387033 ], [ -99.784031789554788, 29.224203425070431 ], [ -99.784014175994955, 29.224204092380894 ], [ -99.783976682083747, 29.224203905878682 ] ] ] ] } },
{ "type": "Feature", "properties": { "name": "Morales Junior High", "category": "school" }, "geometry": { "type": "MultiPolygon", "coordinates": [ [ [ [ -99.782262302983284, 29.222355953488915 ], [ -99.782273755089804, 29.222357039782487 ], [ -99.782291015066676, 29.222360194638981 ], [ -99.782307837514253, 29.222364811027575 ], [ -99.782324060364942, 29.222370844473733 ], [ -99.782339527327579, 29.222378236850922 ], [ -99.78235408939328, 29.222386916940604 ], [ -99.782367606270938, 29.222396801118396 ], [ -99.782379947738775, 29.222407794159668 ], [ -99.782390994898989, 29.222419790157012 ], [ -99.782400641323107, 29.22243267354051 ], [ -99.782408794077327, 29.222446320191196 ], [ -99.782516794077324, 29.222651020322264 ], [ -99.782523373437371, 29.222665295763658 ], [ -99.782528317866692, 29.222680065266712 ], [ -99.782531579749985, 29.222695186599832 ], [ -99.782533127675123, 29.222710514143341 ], [ -99.782532946735458, 29.222725900291803 ], [ -99.78253103867344, 29.222741196875472 ], [ -99.78252742186389, 29.222756256587179 ], [ -99.782522131136901, 29.222770934400938 ], [ -99.782515217442594, 29.2227850889685 ], [ -99.782506747360358, 29.22279858398058 ], [ -99.782496802457686, 29.222811289479498 ], [ -99.782485478504768, 29.222823083110669 ], [ -99.782472884552064, 29.222833851300901 ], [ -99.782459141880295, 29.222843490352034 ], [ -99.782444382832409, 29.222851907439651 ], [ -99.782428749539136, 29.222859021506874 ], [ -99.782090349539146, 29.222995021317764 ], [ -99.782073999499843, 29.223000761747731 ], [ -99.782057083688755, 29.223005076558579 ], [ -99.78203976487066, 29.223007924233134 ], [ -99.782022209688137, 29.223009277371059 ], [ -99.78200458705804, 29.223009122952444 ], [ -99.781987066546208, 29.22300746246313 ], [ -99.781969816735881, 29.223004311880331 ], [ -99.781953003605679, 29.22299970151899 ], [ -99.781937785327344, 29.222994046025402 ], [ -99.781936141340182, 29.22299861016937 ], [ -99.781929223366362, 29.223012778168368 ], [ -99.781924384908422, 29.223020487627362 ], [ -99.781924235145794, 29.22302111211711 ], [ -99.781918949397891, 29.223035791100351 ], [ -99.781912040538799, 29.223049947264666 ], [ -99.781903575100017, 29.223063444288105 ], [ -99.781893634602724, 29.22307615219616 ], [ -99.781882314772773, 29.223087948613461 ], [ -99.781869724618829, 29.223098719942215 ], [ -99.781855985382578, 29.223108362456109 ], [ -99.781841229371324, 29.223116783299176 ], [ -99.781825598683724, 29.223123901379989 ], [ -99.781608298683707, 29.223211301258463 ], [ -99.781591948651965, 29.223217046570742 ], [ -99.781575032241335, 29.223221366072298 ], [ -99.781557712261005, 29.223224218191014 ], [ -99.781540155404144, 29.223225575477272 ], [ -99.781522530643741, 29.223225424868161 ], [ -99.781505007606327, 29.223223767813199 ], [ -99.781488062462017, 29.223220676364345 ], [ -99.781483353223507, 29.223222819520249 ], [ -99.781357953223505, 29.223273219450174 ], [ -99.781341605794097, 29.223278959442645 ], [ -99.781324692699343, 29.223283274259039 ], [ -99.781307376629925, 29.223286122394423 ], [ -99.781289824152736, 29.223287476452093 ], [ -99.781272204108731, 29.223287323407149 ], [ -99.781254685988856, 29.223285664731762 ], [ -99.781237438303535, 29.223282516380994 ], [ -99.781220626961954, 29.223277908639368 ], [ -99.781204413675866, 29.223271885829519 ], [ -99.781188954404357, 29.223264505885894 ], [ -99.781174397853349, 29.223255839797421 ], [ -99.78116088404542, 29.223245970924712 ], [ -99.781148542972701, 29.223234994198211 ], [ -99.781137493346577, 29.223223015205022 ], [ -99.781127841455728, 29.223210149173255 ], [ -99.781119680143718, 29.223196519863677 ], [ -99.7810840801437, 29.223129219906859 ], [ -99.781077483871144, 29.223114948251609 ], [ -99.781072522415698, 29.223100181011105 ], [ -99.781069243569362, 29.223085060432911 ], [ -99.781067678916145, 29.223069732168241 ], [ -99.781067843527822, 29.223054343868942 ], [ -99.781069735818733, 29.223039043765205 ], [ -99.781073337561082, 29.223023979237741 ], [ -99.781078614060533, 29.223009295398118 ], [ -99.781085514490385, 29.222995133690887 ], [ -99.781093972381143, 29.222981630531159 ], [ -99.781103906260896, 29.222968915990513 ], [ -99.781115220439986, 29.222957112544069 ], [ -99.781127805932769, 29.222946333890704 ], [ -99.78114154150758, 29.2229366838578 ], [ -99.781156294854313, 29.22292825540115 ], [ -99.781171923859063, 29.222921129709494 ], [ -99.781297323859064, 29.222870629639303 ], [ -99.781313680309211, 29.222864874641619 ], [ -99.781330604471506, 29.22286054688513 ], [ -99.781347933275597, 29.222857688069485 ], [ -99.781349802108608, 29.2228575431363 ], [ -99.781359538144386, 29.22284920878511 ], [ -99.781373277494481, 29.222839560906948 ], [ -99.781388034429867, 29.222831135018275 ], [ -99.781403666779724, 29.222824012295845 ], [ -99.78158664524527, 29.22275037556695 ], [ -99.781568409709536, 29.222739013984643 ], [ -99.781553322221058, 29.222728501479939 ], [ -99.78153961435882, 29.22271663678799 ], [ -99.781527444409406, 29.222703556911565 ], [ -99.781516952900873, 29.222689412885352 ], [ -99.781508260980075, 29.222674368031935 ], [ -99.781405660980113, 29.222470168157475 ], [ -99.781399382783903, 29.222455793899954 ], [ -99.78139474874304, 29.222440951912898 ], [ -99.781391803461219, 29.222425785053709 ], [ -99.781390575287489, 29.22241043930681 ], [ -99.781391076043263, 29.222395062378528 ], [ -99.781393300908675, 29.222379802275377 ], [ -99.781397228468876, 29.222364805879483 ], [ -99.781402820920192, 29.222350217534789 ], [ -99.781410024433981, 29.222336177657688 ], [ -99.781418769674744, 29.222322821385514 ], [ -99.781428972467538, 29.222310277275771 ], [ -99.781432417870903, 29.222306817251201 ], [ -99.781430644881567, 29.222301136666569 ], [ -99.781427700915117, 29.222285966454837 ], [ -99.781426474771905, 29.222270617462545 ], [ -99.781426978258551, 29.22225523748666 ], [ -99.781429206526937, 29.222239974622592 ], [ -99.78143313812086, 29.222224975838117 ], [ -99.781438735182576, 29.222210385558217 ], [ -99.781445943817388, 29.22219634427443 ], [ -99.781454694612634, 29.222182987191953 ], [ -99.781464903305988, 29.222170442927823 ], [ -99.781476471596889, 29.222158832272374 ], [ -99.781489288093084, 29.222148267026125 ], [ -99.781503229383191, 29.222138848923283 ], [ -99.781518161225065, 29.222130668652046 ], [ -99.781533939838511, 29.222123804981411 ], [ -99.781819239838512, 29.222014604828317 ], [ -99.781835719255483, 29.222009122146392 ], [ -99.78185273520937, 29.222005075972127 ], [ -99.78187012373526, 29.222002505294423 ], [ -99.781887717278181, 29.222001434884316 ], [ -99.781905346307624, 29.222001875056279 ], [ -99.78192284095114, 29.222003821568801 ], [ -99.781940032631212, 29.222007255665311 ], [ -99.781956755689635, 29.222012144254883 ], [ -99.781972848983884, 29.222018440231093 ], [ -99.781988157439727, 29.222026082925975 ], [ -99.782002533545679, 29.222034998694607 ], [ -99.782015838774242, 29.222045101624762 ], [ -99.782027944916933, 29.222056294364766 ], [ -99.78203873531956, 29.222068469061593 ], [ -99.782048106006314, 29.222081508400152 ], [ -99.782051997315548, 29.222088329157341 ], [ -99.782056599613711, 29.222089247686622 ], [ -99.782073322773556, 29.222094133156517 ], [ -99.782089416560439, 29.222100425954409 ], [ -99.782104725913641, 29.222108065450101 ], [ -99.782119103330373, 29.222116978038152 ], [ -99.782132410286863, 29.22212707784708 ], [ -99.782144518572977, 29.222138267566752 ], [ -99.782155311527617, 29.222150439385924 ], [ -99.782164685162655, 29.22216347603101 ], [ -99.782172549164827, 29.222177251896028 ], [ -99.782262302983284, 29.222355953488915 ] ] ], [ [ [ -99.78397854477241, 29.22420391514407 ], [ -99.783978122823939, 29.224211539898938 ], [ -99.783979624541729, 29.224220469081278 ], [ -99.783980462851531, 29.224235837015513 ], [ -99.783980162851549, 29.224409037015111 ], [ -99.783979272794426, 29.224424389663042 ], [ -99.783976664366961, 29.224439592460328 ], [ -99.783972362641464, 29.224454499277233 ], [ -99.783966408966279, 29.224468966829093 ], [ -99.783964663056807, 29.224472179342477 ], [ -99.783964663056807, 29.224720230743003 ], [ -99.783965217327591, 29.224721250917678 ], [ -99.783971169520996, 29.224735720578131 ], [ -99.78397546935831, 29.224750629399207 ], [ -99.783978075500855, 29.224765834047123 ], [ -99.78397896289313, 29.224781188344057 ], [ -99.783979162893118, 29.224910488344321 ], [ -99.783978321583888, 29.224925857417428 ], [ -99.783975758215732, 29.224941080521731 ], [ -99.783971497473928, 29.224956011058222 ], [ -99.783965580389633, 29.224970505245409 ], [ -99.78395806394461, 29.224984423503905 ], [ -99.783949020522485, 29.224997631800587 ], [ -99.783938537211796, 29.225010002939339 ], [ -99.783926714967237, 29.225021417785914 ], [ -99.783913667637506, 29.225031766415242 ], [ -99.783899520868871, 29.22504094916993 ], [ -99.783884410895311, 29.225048877620026 ], [ -99.783868483226456, 29.225055475414532 ], [ -99.7838518912464, 29.225060679016686 ], [ -99.783834794736549, 29.22506443831583 ], [ -99.783817358336975, 29.22506671710989 ], [ -99.78379974996092, 29.225067493454102 ], [ -99.78338794996094, 29.22506799345334 ], [ -99.783370335252272, 29.225067259538889 ], [ -99.783352887841559, 29.225065022094377 ], [ -99.783335775823133, 29.225061302676011 ], [ -99.78331916406006, 29.225056137117779 ], [ -99.783303212595783, 29.225049575186244 ], [ -99.783288075112125, 29.225041680101032 ], [ -99.783273897448879, 29.225032527925812 ], [ -99.783260816198478, 29.225022206835458 ], [ -99.783248957390171, 29.225010816266558 ], [ -99.783238435275834, 29.224998465959434 ], [ -99.783229351229096, 29.224985274900856 ], [ -99.783221792768785, 29.224971370177705 ], [ -99.783215832715712, 29.224956885752615 ], [ -99.783211528491051, 29.224941961173279 ], [ -99.783208921563215, 29.22492674022806 ], [ -99.783208757765152, 29.2249238938257 ], [ -99.783186716254946, 29.2249238938257 ], [ -99.783185471383007, 29.224931161725813 ], [ -99.783181167723072, 29.22494608450021 ], [ -99.783175208633324, 29.224960567239513 ], [ -99.78316765151169, 29.224974470446188 ], [ -99.78315856914837, 29.224987660204828 ], [ -99.783148049024703, 29.225000009471987 ], [ -99.783136192470508, 29.225011399299845 ], [ -99.783123113688063, 29.225021719981928 ], [ -99.783108938652234, 29.225030872109766 ], [ -99.783093803896989, 29.225038767530393 ], [ -99.783077855200219, 29.225045330195424 ], [ -99.783061246179784, 29.225050496893523 ], [ -99.7830441368138, 29.225054217859284 ], [ -99.783026691899636, 29.225056457252528 ], [ -99.78300907946668, 29.225057193503496 ], [ -99.782448979466679, 29.225056593504416 ], [ -99.782431368969739, 29.225055819505201 ], [ -99.782413930224962, 29.225053542695115 ], [ -99.782396831205887, 29.225049785004753 ], [ -99.782380236613847, 29.225044582628801 ], [ -99.782364306291328, 29.225037985677403 ], [ -99.782349193682506, 29.225030057693488 ], [ -99.782335044355108, 29.225020875040727 ], [ -99.782321994598405, 29.225010526168024 ], [ -99.782310170110279, 29.224999110757469 ], [ -99.782299684786707, 29.224986738764347 ], [ -99.782290639624435, 29.2249735293579 ], [ -99.78228312174835, 29.224959609773563 ], [ -99.782277203572178, 29.224945114087355 ], [ -99.782272942101002, 29.22493018192452 ], [ -99.782270378382208, 29.224914957114553 ], [ -99.782269537110025, 29.224899586305863 ], [ -99.782269610365333, 29.2248526785237 ], [ -99.782268246343634, 29.224852250127384 ], [ -99.782252330855755, 29.224845650620423 ], [ -99.782237232680586, 29.224837722251941 ], [ -99.782223097046469, 29.224828541284111 ], [ -99.782210059923216, 29.224818196027744 ], [ -99.782198246714046, 29.224806785992861 ], [ -99.782187771049422, 29.224794420931502 ], [ -99.78217873369411, 29.224781219782084 ], [ -99.782171221577869, 29.224767309525305 ], [ -99.782165306959229, 29.22475282396276 ], [ -99.782161046730522, 29.224737902429936 ], [ -99.782158481870653, 29.22472268845593 ], [ -99.782157637050787, 29.22470732838287 ], [ -99.782157789936164, 29.224585427842626 ], [ -99.782149497177457, 29.224578841328135 ], [ -99.782137681163007, 29.224567416261582 ], [ -99.782127205548292, 29.224555035252745 ], [ -99.782118171265068, 29.224541817591401 ], [ -99.782110665358019, 29.224527890628451 ], [ -99.782104760145998, 29.224513388548893 ], [ -99.782100512525275, 29.224498451078976 ], [ -99.782097963421378, 29.224483222139963 ], [ -99.782097137394729, 29.224467848461465 ], [ -99.782097537394705, 29.224312148460928 ], [ -99.782098441584907, 29.224296785238728 ], [ -99.782101066505547, 29.22428157328471 ], [ -99.782105386889114, 29.224266659029414 ], [ -99.782111361147557, 29.224252186037795 ], [ -99.782118931772601, 29.224238293627248 ], [ -99.782128025889335, 29.224225115526515 ], [ -99.782138555957687, 29.224212778588441 ], [ -99.782150420615068, 29.224201401568855 ], [ -99.782163505652221, 29.224191093983404 ], [ -99.782177685112373, 29.224181955053353 ], [ -99.78219282250393, 29.224174072750472 ], [ -99.782208772114188, 29.224167522950193 ], [ -99.782225380412015, 29.224162368701219 ], [ -99.782242487525764, 29.224158659618631 ], [ -99.782259928782167, 29.224156431406243 ], [ -99.782277536291488, 29.224155705512949 ], [ -99.782964636943177, 29.224156827922478 ], [ -99.782964636943177, 29.224145926801139 ], [ -99.782963220755846, 29.224143433319359 ], [ -99.782274670604934, 29.224140993732135 ], [ -99.782257064046121, 29.224140176320663 ], [ -99.782239634075722, 29.224137856746186 ], [ -99.782222548556888, 29.224134057347772 ], [ -99.78220597203547, 29.224128814716213 ], [ -99.782190064155259, 29.224122179341595 ], [ -99.782174978120565, 29.224114215127074 ], [ -99.782160859220809, 29.224104998773477 ], [ -99.782147843431105, 29.224094619040574 ], [ -99.782136056102857, 29.224083175892339 ], [ -99.782125610756523, 29.224070779534163 ], [ -99.782116607988314, 29.224057549351564 ], [ -99.78210913450134, 29.224043612760433 ], [ -99.782103262270667, 29.224029103979888 ], [ -99.782099047850096, 29.224014162739703 ], [ -99.782096531827534, 29.22399893293462 ], [ -99.782095738434037, 29.223983561238512 ], [ -99.782096638434055, 29.223790761237304 ], [ -99.782097575519785, 29.223775393883059 ], [ -99.782100234250294, 29.223760180712741 ], [ -99.782104589014168, 29.223745268274236 ], [ -99.782110597862172, 29.223730800218537 ], [ -99.782118202911334, 29.223716915915986 ], [ -99.782127330902583, 29.223703749113703 ], [ -99.782137893906366, 29.223691426647196 ], [ -99.78214979016974, 29.223680067218567 ], [ -99.782162905096598, 29.223669780252987 ], [ -99.782177112351377, 29.22366066484468 ], [ -99.782192275076298, 29.223652808802285 ], [ -99.782208247209454, 29.223646287802982 ], [ -99.78222487489208, 29.223641164663547 ], [ -99.782241997950408, 29.22363748873514 ], [ -99.782259451438847, 29.223635295427975 ], [ -99.782277067228705, 29.223634605870192 ], [ -99.783028367228667, 29.22363740587447 ], [ -99.783045971552539, 29.223638226342899 ], [ -99.783063398986215, 29.223640548602361 ], [ -99.783080481729897, 29.223644350292936 ], [ -99.78308846673005, 29.22364687705468 ], [ -99.783088184062919, 29.223645208261036 ], [ -99.7830873373332, 29.223629673285952 ], [ -99.783087937333207, 29.223378373285151 ], [ -99.783088839386423, 29.223363004154514 ], [ -99.783091463458859, 29.223347786221282 ], [ -99.783095784272589, 29.223332866081467 ], [ -99.78310176020473, 29.223318387462452 ], [ -99.783109333688543, 29.223304489838466 ], [ -99.783118431767889, 29.22329130708702 ], [ -99.783128966800064, 29.223278966199175 ], [ -99.783140837299968, 29.223267586056309 ], [ -99.783153928917898, 29.22325727628483 ], [ -99.783168115540988, 29.223248136200151 ], [ -99.783183260507997, 29.223240253849976 ], [ -99.783199217925954, 29.223233705166084 ], [ -99.783215834075392, 29.223228553232861 ], [ -99.783232948891268, 29.223224847679635 ], [ -99.78325039750483, 29.223222624202531 ], [ -99.783268011831765, 29.223221904220637 ], [ -99.78366791183177, 29.223222704221861 ], [ -99.783685517531438, 29.223223494260878 ], [ -99.783702949758492, 29.223225786322956 ], [ -99.783720040675561, 29.223229558340041 ], [ -99.783736625731436, 29.223234773995028 ], [ -99.783752545245363, 29.223241383071404 ], [ -99.78376764594438, 29.223249321936798 ], [ -99.783781782439078, 29.223258514155567 ], [ -99.78379481862342, 29.223268871224775 ], [ -99.783806628985118, 29.22328029342632 ], [ -99.783814899328945, 29.223290069636942 ], [ -99.783816459749744, 29.223290025190796 ], [ -99.783892959749735, 29.223291125192478 ], [ -99.783910548497715, 29.223292132819953 ], [ -99.783927939457783, 29.223294639772885 ], [ -99.783944965234696, 29.223298621920701 ], [ -99.783961461948195, 29.223304040933389 ], [ -99.783977270810524, 29.223310844650445 ], [ -99.783992239654722, 29.223318967582994 ], [ -99.78400622439942, 29.223328331544092 ], [ -99.784019090435578, 29.223338846401369 ], [ -99.784030713922235, 29.223350410944576 ], [ -99.784040982978453, 29.223362913859809 ], [ -99.784049798760265, 29.223376234800941 ], [ -99.784057076412054, 29.22339024554806 ], [ -99.784062745883404, 29.22340481124159 ], [ -99.78406675260328, 29.223419791680417 ], [ -99.784069058005286, 29.223435042671412 ], [ -99.784069639899002, 29.223450417417293 ], [ -99.784067639899021, 29.22355911741462 ], [ -99.784066491611966, 29.223574476061287 ], [ -99.784063623437561, 29.223589662457762 ], [ -99.784059063012606, 29.223604530272951 ], [ -99.784052854279892, 29.223618936245575 ], [ -99.784045057064759, 29.223632741564568 ], [ -99.784035746498617, 29.22364581320663 ], [ -99.784025012295103, 29.223658025217944 ], [ -99.784012957885494, 29.22366925992786 ], [ -99.783999699422168, 29.223679409082688 ], [ -99.783985364659415, 29.223688374888798 ], [ -99.783970091722352, 29.223696070954908 ], [ -99.783954027776048, 29.223702423124514 ], [ -99.783937327607475, 29.223707370190425 ], [ -99.783927432434879, 29.223709383331059 ], [ -99.784017826003378, 29.22371000949488 ], [ -99.784035404799283, 29.223710884252288 ], [ -99.784052801065442, 29.223713256488494 ], [ -99.784069847721128, 29.223717103419467 ], [ -99.784086381043309, 29.223722388097592 ], [ -99.784102242239385, 29.223729059766452 ], [ -99.784117278971948, 29.223737054348391 ], [ -99.784131346822221, 29.223746295059936 ], [ -99.784144310676893, 29.223756693149223 ], [ -99.784156046025871, 29.223768148748491 ], [ -99.784166440158103, 29.223780551833208 ], [ -99.784175393244197, 29.223793783278825 ], [ -99.784182819295097, 29.223807716004909 ], [ -99.784188646988, 29.223822216195686 ], [ -99.784192820351393, 29.223837144585264 ], [ -99.784195299302638, 29.223852357795231 ], [ -99.784196060032855, 29.223867709711676 ], [ -99.784194860032869, 29.224048209710073 ], [ -99.784193892868046, 29.224063572674499 ], [ -99.784191205017237, 29.224078778942307 ], [ -99.784186822362543, 29.224093682087982 ], [ -99.784180787105825, 29.224108138604947 ], [ -99.784173157362346, 29.22412200928737 ], [ -99.784164006601117, 29.224135160570643 ], [ -99.78415342293755, 29.22414746581752 ], [ -99.78414150828479, 29.224158806537492 ], [ -99.784128377372554, 29.224169073527776 ], [ -99.784114156642232, 29.224178167924862 ], [ -99.784098983029395, 29.224186002156443 ], [ -99.784083002645204, 29.224192500784721 ], [ -99.784066369369498, 29.224197601232746 ], [ -99.784049243368926, 29.224201254387033 ], [ -99.784031789554788, 29.224203425070431 ], [ -99.784014175994955, 29.224204092380894 ], [ -99.78397854477241, 29.22420391514407 ] ] ], [ [ [ -99.783377279421728, 29.222132624762569 ], [ -99.783383660878997, 29.222146962085215 ], [ -99.783388402068894, 29.222161776086679 ], [ -99.783391457369135, 29.22217692421841 ], [ -99.783392797379932, 29.222192260716707 ], [ -99.783392409206996, 29.222207638005404 ], [ -99.783390296585509, 29.22222290811585 ], [ -99.783386479844282, 29.222237924110836 ], [ -99.783380995710104, 29.222252541498417 ], [ -99.783373896954245, 29.222266619622335 ], [ -99.78336525188486, 29.222280023015465 ], [ -99.783355143689448, 29.222292622703346 ], [ -99.78334366963459, 29.222304297445259 ], [ -99.7833309401299, 29.222314934900801 ], [ -99.783317077665615, 29.222324432710945 ], [ -99.783302215633896, 29.222332699482891 ], [ -99.783286497045253, 29.222339655669586 ], [ -99.783194697045261, 29.222375455619556 ], [ -99.783178270715226, 29.222381034992953 ], [ -99.783161296984829, 29.222385182741242 ], [ -99.78314393923209, 29.222387858941079 ], [ -99.783126364531441, 29.222389037833235 ], [ -99.783108742045428, 29.2223887080705 ], [ -99.783091241396647, 29.222386872826952 ], [ -99.783074031034886, 29.222383549767372 ], [ -99.783057276615821, 29.22237877087721 ], [ -99.783041139406606, 29.22237258215474 ], [ -99.783025774733431, 29.222365043168324 ], [ -99.783011330486644, 29.222356226483022 ], [ -99.782997945697105, 29.222346216962176 ], [ -99.782985749198076, 29.222335110950564 ], [ -99.782974858385074, 29.222323015347062 ], [ -99.782965378085947, 29.222310046575718 ], [ -99.782957399551904, 29.222296329465152 ], [ -99.782922799551912, 29.222228829507344 ], [ -99.782916395114825, 29.222214484419364 ], [ -99.78291163350346, 29.222199660335868 ], [ -99.782908560623127, 29.222184500171529 ], [ -99.782907206098642, 29.222169150081097 ], [ -99.782907582988571, 29.222153758050453 ], [ -99.782909687659441, 29.222138472469855 ], [ -99.782913499820694, 29.222123440703374 ], [ -99.782918982720361, 29.222108807668203 ], [ -99.782926083499319, 29.222094714437539 ], [ -99.782934733700998, 29.222081296880486 ], [ -99.782944849931226, 29.222068684352266 ], [ -99.782956334662202, 29.222056998447037 ], [ -99.782969077172922, 29.222046351825657 ], [ -99.782982954616386, 29.222036847129569 ], [ -99.782997833204078, 29.2220285759912 ], [ -99.783013569495679, 29.222021618150588 ], [ -99.783105469495652, 29.221985818100546 ], [ -99.783121905577403, 29.221980242438779 ], [ -99.783138888792834, 29.221976099845865 ], [ -99.783156255532745, 29.221973430229966 ], [ -99.783173838493255, 29.221972259309187 ], [ -99.783191468287498, 29.221972598363706 ], [ -99.783208975077414, 29.221974444127227 ], [ -99.783226190209888, 29.221977778818342 ], [ -99.7832429478416, 29.221982570311891 ], [ -99.783259086536503, 29.221988772448441 ], [ -99.783274450821182, 29.221996325478941 ], [ -99.783288892682549, 29.222005156640375 ], [ -99.783302272993737, 29.222015180856726 ], [ -99.783314462854491, 29.222026301558532 ], [ -99.783325344832775, 29.222038411613298 ], [ -99.78333481409615, 29.222051394357479 ], [ -99.783342779421702, 29.222065124720469 ], [ -99.783377279421728, 29.222132624762569 ] ] ] ] } },
{ "type": "Feature", "properties": { "name": "Uvalde Elementary @Flores", "category": "school" }, "geometry": { "type": "MultiPolygon", "coordinates": [ [ [ [ -99.791487508709253, 29.223730266953108 ], [ -99.791470593285169, 29.223734610446602 ], [ -99.791453271465599, 29.223737485960569 ], [ -99.791435710090099, 29.22373886579885 ], [ -99.791418078305597, 29.223738736671258 ], [ -99.791400545937137, 29.223737099821498 ], [ -99.791383281852276, 29.22373397101525 ], [ -99.791366452334458, 29.223729380388278 ], [ -99.791350219481558, 29.223723372156204 ], [ -99.791334739644498, 29.223716004188599 ], [ -99.791320161921263, 29.223707347451686 ], [ -99.79130662672101, 29.223697485324713 ], [ -99.791294264411476, 29.223686512796998 ], [ -99.791283194063425, 29.223674535552902 ], [ -99.791273522303797, 29.223661668954023 ], [ -99.791265342288611, 29.223648036928008 ], [ -99.791258732805801, 29.223633770774949 ], [ -99.791120732805794, 29.223287970949073 ], [ -99.791115757472937, 29.223273207870232 ], [ -99.791112464289796, 29.223258090257364 ], [ -99.791110884976206, 29.223242763722574 ], [ -99.791111034744048, 29.223227375890364 ], [ -99.79111291215078, 29.223212074975716 ], [ -99.791116499113258, 29.223197008356497 ], [ -99.791121761082039, 29.223182321153903 ], [ -99.791128647374038, 29.223168154834667 ], [ -99.791137091660786, 29.223154645848439 ], [ -99.791147012607198, 29.22314192431352 ], [ -99.791158314655206, 29.223130112763531 ], [ -99.791170888943867, 29.22311932496719 ], [ -99.791184614358201, 29.223109664832425 ], [ -99.791199358695536, 29.22310122540561 ], [ -99.791214979939028, 29.223094087975266 ], [ -99.791231327625482, 29.223088321289122 ], [ -99.791377127625509, 29.223044021225078 ], [ -99.791394044232973, 29.223039680838966 ], [ -99.791411366880155, 29.223036808538431 ], [ -99.791428928717252, 29.223035431989302 ], [ -99.791446560590515, 29.223035564450377 ], [ -99.791464092671703, 29.223037204645831 ], [ -99.791481356093769, 29.223040336777384 ], [ -99.791498184577279, 29.223044930676572 ], [ -99.791514416032143, 29.223050942095259 ], [ -99.791529894118781, 29.223058313131876 ], [ -99.791544469753973, 29.223066972789127 ], [ -99.791558002546751, 29.223076837657821 ], [ -99.791570362150793, 29.223087812720308 ], [ -99.791581429519724, 29.223099792265646 ], [ -99.791591098053885, 29.223112660907837 ], [ -99.791599274626989, 29.223126294697217 ], [ -99.791605880483175, 29.223140562314345 ], [ -99.791743780483188, 29.223486362488352 ], [ -99.791748750854012, 29.223501122329733 ], [ -99.791752039934465, 29.223516236212188 ], [ -99.791753616061925, 29.22353155864057 ], [ -99.791753464063746, 29.223546942112264 ], [ -99.791751585403063, 29.223562238537049 ], [ -99.791747998165008, 29.223577300662736 ], [ -99.791742736882398, 29.223591983492724 ], [ -99.791735852203402, 29.22360614568175 ], [ -99.791727410403908, 29.223619650896641 ], [ -99.791717492749584, 29.22363236912863 ], [ -99.791706194713527, 29.223644177944969 ], [ -99.791693625057164, 29.223654963667482 ], [ -99.791679904783322, 29.223664622466885 ], [ -99.791665165971281, 29.223673061362298 ], [ -99.791649550505426, 29.223680199116348 ], [ -99.791633208709243, 29.223685967017154 ], [ -99.791487508709253, 29.223730266953108 ] ] ], [ [ [ -99.792822269458611, 29.222709542678249 ], [ -99.792861507422472, 29.222785009589018 ], [ -99.792867878636827, 29.22279901597048 ], [ -99.792872679746466, 29.222813491445766 ], [ -99.792875866403151, 29.222828302303704 ], [ -99.792877409171538, 29.222843311735243 ], [ -99.792877293800942, 29.22285838109714 ], [ -99.792875521357061, 29.222873371192627 ], [ -99.792872108212109, 29.222888143557199 ], [ -99.792867085893519, 29.222902561737591 ], [ -99.792860500792798, 29.222916492552237 ], [ -99.792852413737023, 29.222929807321421 ], [ -99.792842899426873, 29.222942383055948 ], [ -99.792832045746721, 29.22295410359315 ], [ -99.792819952952755, 29.222964860669908 ], [ -99.79280673274701, 29.222974554922658 ], [ -99.792792507245466, 29.222983096805223 ], [ -99.792777407850068, 29.222990407415899 ], [ -99.792669207850039, 29.22303700735193 ], [ -99.792652848621799, 29.223043192132085 ], [ -99.79263586757547, 29.223047931465686 ], [ -99.792618431921696, 29.223051178685221 ], [ -99.792600713347596, 29.22305290181577 ], [ -99.792582886326144, 29.223053083889909 ], [ -99.792565126398273, 29.223051723114811 ], [ -99.792547608444181, 29.223048832889805 ], [ -99.792530504961363, 29.223044441674521 ], [ -99.792513984366124, 29.223038592708633 ], [ -99.792513732999609, 29.223038477197829 ], [ -99.792181761890234, 29.223168711805126 ], [ -99.792165194050341, 29.223174368657276 ], [ -99.792148066379141, 29.223178567751184 ], [ -99.792130546820687, 29.223181267913137 ], [ -99.792112807161658, 29.223182442667021 ], [ -99.792095021346938, 29.223182080493917 ], [ -99.792077363773913, 29.223180184945083 ], [ -99.792060007582606, 29.223176774607097 ], [ -99.792043122957764, 29.223171882919601 ], [ -99.792026875460337, 29.223165557847469 ], [ -99.792011424403853, 29.223157861410435 ], [ -99.791996921292508, 29.223148869075029 ], [ -99.791983508335377, 29.223138669014567 ], [ -99.79197131705223, 29.223127361244615 ], [ -99.791960466983738, 29.2231150566423 ], [ -99.791951064519409, 29.223101875859097 ], [ -99.791943201854394, 29.223087948137874 ], [ -99.791909201854409, 29.223019348179569 ], [ -99.791902846486977, 29.223004509593959 ], [ -99.791898239147741, 29.222989187084444 ], [ -99.79189542686494, 29.222973537051608 ], [ -99.791894438344272, 29.222957719239208 ], [ -99.791895283675856, 29.222941895103634 ], [ -99.791897954231132, 29.222926226165885 ], [ -99.791902422751093, 29.22291087236292 ], [ -99.791908643624382, 29.222895990415076 ], [ -99.791916553353005, 29.222881732226426 ], [ -99.791918271478593, 29.222879297263081 ], [ -99.79190472253164, 29.22287122435349 ], [ -99.791891001262172, 29.222861161835002 ], [ -99.79187849701367, 29.222849956301246 ], [ -99.791867334218679, 29.222837719260543 ], [ -99.791857623960553, 29.222824572485973 ], [ -99.791849462868115, 29.22281064680358 ], [ -99.791842932154182, 29.222796080790538 ], [ -99.791760638879552, 29.222581570331318 ], [ -99.791759186642878, 29.222580532489356 ], [ -99.791746357460482, 29.222569291884561 ], [ -99.791734895516612, 29.222556977372285 ], [ -99.791724918161208, 29.222543715030898 ], [ -99.791716527544679, 29.222529640642897 ], [ -99.791709809572055, 29.222514898304727 ], [ -99.791635709572077, 29.222324798398446 ], [ -99.791630951583727, 29.222310356044471 ], [ -99.791627799623882, 29.222295582504259 ], [ -99.791626282644117, 29.222280613476521 ], [ -99.791626414578303, 29.222265586455666 ], [ -99.791628194214567, 29.222250639468808 ], [ -99.791628709996985, 29.222248412169613 ], [ -99.791622353936546, 29.222242615231828 ], [ -99.7916114704976, 29.222230507196137 ], [ -99.79160199948214, 29.222217526376319 ], [ -99.791594032120699, 29.22220379781114 ], [ -99.7914360321207, 29.221894798003909 ], [ -99.791429645745396, 29.221880455426213 ], [ -99.791424900943198, 29.22186563559913 ], [ -99.79142184340931, 29.221850481246001 ], [ -99.791420502589517, 29.221835138311889 ], [ -99.791420891396669, 29.221819754558073 ], [ -99.79142300608639, 29.221804478139031 ], [ -99.791426826292962, 29.221789456175586 ], [ -99.791432315225578, 29.221774833338085 ], [ -99.791439420022655, 29.221760750453107 ], [ -99.791448072260877, 29.221747343147253 ], [ -99.791458188614229, 29.221734740540899 ], [ -99.791469671656287, 29.22172306400477 ], [ -99.791482410798778, 29.221712425991004 ], [ -99.791496283356366, 29.221702928950162 ], [ -99.791511155728315, 29.221694664344561 ], [ -99.791526884685055, 29.221687711767458 ], [ -99.791587836862718, 29.221663973407871 ], [ -99.791597922152093, 29.221653709555532 ], [ -99.791610660268631, 29.221643064157472 ], [ -99.791624532943516, 29.221633560025218 ], [ -99.791639406497438, 29.221625288742391 ], [ -99.791655137606554, 29.22161833001266 ], [ -99.791987137606554, 29.221488929831789 ], [ -99.79200357449659, 29.221483350758149 ], [ -99.792020558953766, 29.221479205024085 ], [ -99.792037927316883, 29.221476532577835 ], [ -99.792055512225417, 29.221475359171034 ], [ -99.792073144232276, 29.221475696110613 ], [ -99.792075829070626, 29.221475978873158 ], [ -99.792137399933878, 29.221452005499902 ], [ -99.79215382723747, 29.221446435366143 ], [ -99.79217080081564, 29.22144229666506 ], [ -99.792188157346544, 29.221439629219912 ], [ -99.792205729823465, 29.221438458697332 ], [ -99.792206116801637, 29.221438466113508 ], [ -99.792208512561118, 29.221428528163184 ], [ -99.792213815462972, 29.221413854942956 ], [ -99.792220740593947, 29.221399705937248 ], [ -99.792229221276457, 29.221386217377955 ], [ -99.792239175855443, 29.221373519138027 ], [ -99.792250508484685, 29.221361733480961 ], [ -99.792263110049547, 29.221350973883595 ], [ -99.792276859217736, 29.221341343943489 ], [ -99.792291623607326, 29.22133293638149 ], [ -99.792307261061524, 29.221325832148882 ], [ -99.792442861061531, 29.221271432073223 ], [ -99.792459220106707, 29.221265699843983 ], [ -99.792476144081121, 29.221261394383642 ], [ -99.792493470052491, 29.221258557142352 ], [ -99.792511031218439, 29.22125721543523 ], [ -99.792528658512211, 29.221257382179367 ], [ -99.792546182230538, 29.22125905576944 ], [ -99.792563433667198, 29.221262220093223 ], [ -99.79258024673733, 29.221266844686674 ], [ -99.79259645957643, 29.221272885027219 ], [ -99.792611916098494, 29.221280282962418 ], [ -99.79262646749892, 29.221288967269807 ], [ -99.792639973686903, 29.221298854342592 ], [ -99.792652304634245, 29.221309848994565 ], [ -99.79266334162719, 29.221321845376533 ], [ -99.792672978409229, 29.22133472799532 ], [ -99.792681122204087, 29.221348372825734 ], [ -99.792797922204073, 29.221569972967501 ], [ -99.792804497120187, 29.221584254952564 ], [ -99.79280943592407, 29.221599030717023 ], [ -99.792812691026967, 29.22161415788602 ], [ -99.79281423106373, 29.221629490698735 ], [ -99.79281404119503, 29.221644881412917 ], [ -99.792812123250428, 29.221660181728421 ], [ -99.79280849571056, 29.221675244216254 ], [ -99.792803193529338, 29.221689923739103 ], [ -99.792796267796902, 29.221704078849847 ], [ -99.792787785247455, 29.221717573154493 ], [ -99.792777827616234, 29.221730276626399 ], [ -99.792766490851804, 29.221742066859193 ], [ -99.792756041159933, 29.221750988657544 ], [ -99.792785119256607, 29.221806739665006 ], [ -99.792791627143401, 29.2218210393142 ], [ -99.792796497822749, 29.221835826777994 ], [ -99.792799684394382, 29.221850959666309 ], [ -99.792801156174491, 29.221866292263027 ], [ -99.792800898991175, 29.221881676929051 ], [ -99.792798915320873, 29.221896965523985 ], [ -99.792795224264538, 29.221912010832586 ], [ -99.792789861363701, 29.221926667982277 ], [ -99.792782878258251, 29.221940795838176 ], [ -99.792774342189162, 29.221954258362068 ], [ -99.792764335351066, 29.22196692592231 ], [ -99.79275295410072, 29.221978676542093 ], [ -99.792740308029323, 29.221989397073916 ], [ -99.792729139572302, 29.221997162209323 ], [ -99.792793680020878, 29.222148509615266 ], [ -99.792799027522776, 29.222163229567716 ], [ -99.792802690029617, 29.222178337193998 ], [ -99.792804632018488, 29.222193685964104 ], [ -99.792804834653893, 29.222209127009176 ], [ -99.792803295970472, 29.222224510565464 ], [ -99.792800030892039, 29.222239687426871 ], [ -99.792795071086758, 29.222254510392105 ], [ -99.792788464660148, 29.222268835692411 ], [ -99.792780275688401, 29.222282524385957 ], [ -99.792770583596919, 29.222295443705438 ], [ -99.792759482389911, 29.222307468345825 ], [ -99.792747079738788, 29.222318481679658 ], [ -99.792733495937696, 29.222328376888175 ], [ -99.79271886273682, 29.222337057997439 ], [ -99.792703322064597, 29.222344440809085 ], [ -99.792691564186526, 29.222348778861786 ], [ -99.79281181659077, 29.22263550570635 ], [ -99.792817185794732, 29.222650635209291 ], [ -99.792820778697134, 29.222666160250363 ], [ -99.792822558637454, 29.222681922418143 ], [ -99.792822507453891, 29.22269776088174 ], [ -99.792821729215916, 29.222704275812422 ], [ -99.792822269458611, 29.222709542678249 ] ] ] ] } },
{ "type": "Feature", "properties": { "name": "Dalton Elementary School", "category": "school" }, "geometry": { "type": "Polygon", "coordinates": [ [ [ -99.776432093258151, 29.220622628810425 ], [ -99.776666614166288, 29.220627545049297 ], [ -99.776684198608493, 29.22062866894445 ], [ -99.776701572149477, 29.220631291693017 ], [ -99.776718567468052, 29.220635388035699 ], [ -99.776735020885624, 29.220640918521248 ], [ -99.776750773942567, 29.220647829886399 ], [ -99.776765674924206, 29.220656055568877 ], [ -99.77677958032217, 29.220665516348443 ], [ -99.776792356216248, 29.22067612110984 ], [ -99.776803879564284, 29.220687767720346 ], [ -99.77681403938719, 29.220700344013391 ], [ -99.776822737837676, 29.220713728868834 ], [ -99.776829891142683, 29.220727793379456 ], [ -99.776835430410117, 29.220742402092451 ], [ -99.776839302292387, 29.220757414313951 ], [ -99.776841469500113, 29.220772685464045 ], [ -99.776841911161384, 29.220788068469176 ], [ -99.776838611161367, 29.220907868464764 ], [ -99.776837323213968, 29.220923213796535 ], [ -99.776834318175929, 29.220938375077548 ], [ -99.776829624983009, 29.220953206318548 ], [ -99.776823288826421, 29.220967564708307 ], [ -99.7768153707176, 29.220981311988815 ], [ -99.776805946900737, 29.220994315786506 ], [ -99.776795108118634, 29.221006450886911 ], [ -99.77678295873892, 29.221017600440369 ], [ -99.776769615749103, 29.221027657087149 ], [ -99.776755207630046, 29.221036523991195 ], [ -99.776739873118842, 29.221044115772585 ], [ -99.776723759872965, 29.221050359329674 ], [ -99.776707023048274, 29.221055194542902 ], [ -99.77668982380527, 29.221058574853764 ], [ -99.77667232775697, 29.221060467713091 ], [ -99.776654703374476, 29.221060854894429 ], [ -99.776262100841905, 29.221052658322048 ], [ -99.77626133643534, 29.221055075950265 ], [ -99.776255002618626, 29.2210694374436 ], [ -99.776247086269393, 29.221083187917422 ], [ -99.776237663636437, 29.221096194929974 ], [ -99.776226825476783, 29.221108333200423 ], [ -99.776214676181667, 29.221119485815517 ], [ -99.77620133277081, 29.221129545355655 ], [ -99.776186923765493, 29.221138414929538 ], [ -99.776171587950586, 29.221146009107382 ], [ -99.776155473037875, 29.221152254743764 ], [ -99.776138734243176, 29.221157091682105 ], [ -99.776121532791521, 29.221160473334113 ], [ -99.776104034364067, 29.221162367128493 ], [ -99.776086407502504, 29.221162754824629 ], [ -99.776000107502526, 29.221160954827383 ], [ -99.775982523565986, 29.221159832860302 ], [ -99.775965150301232, 29.221157212137701 ], [ -99.775948155014149, 29.221153117897227 ], [ -99.775931701370681, 29.221147589566574 ], [ -99.775915947820693, 29.221140680383762 ], [ -99.775901046072107, 29.22113245688449 ], [ -99.77588713962993, 29.221122998261404 ], [ -99.775874362414299, 29.221112395601441 ], [ -99.775862837470768, 29.221100751008709 ], [ -99.775852675785487, 29.221088176621222 ], [ -99.775843975216247, 29.221074793530995 ], [ -99.775837658949584, 29.221062380275836 ], [ -99.775689167366252, 29.22105925414197 ], [ -99.775671583860529, 29.221058128759847 ], [ -99.775654211405467, 29.221055504686166 ], [ -99.775637217296506, 29.221051407190455 ], [ -99.775620765185494, 29.221045875731075 ], [ -99.775605013505, 29.221038963575328 ], [ -99.775590113942471, 29.221030737286458 ], [ -99.775576209979491, 29.221021276082656 ], [ -99.775563435510136, 29.221010671074261 ], [ -99.775551913551539, 29.220999024386305 ], [ -99.775541755059237, 29.220986448175143 ], [ -99.775533057858709, 29.220973063548385 ], [ -99.775525905703319, 29.220958999398629 ], [ -99.775520367467749, 29.220944391162273 ], [ -99.775516496484769, 29.220929379515276 ], [ -99.775514330031655, 29.220914109018477 ], [ -99.77551388897119, 29.220898726725451 ], [ -99.775514866694579, 29.220863277685169 ], [ -99.775506280084812, 29.220865011769192 ], [ -99.775488824305484, 29.22086699387345 ], [ -99.775471230059253, 29.220867475627426 ], [ -99.775461986899572, 29.22086733327415 ], [ -99.775461556344666, 29.220872942737802 ], [ -99.775458660119995, 29.220888118472605 ], [ -99.775454073773844, 29.220902973447529 ], [ -99.775447841459055, 29.220917364653527 ], [ -99.775440023174284, 29.220931153546346 ], [ -99.77543069418634, 29.220944207380263 ], [ -99.775419944305582, 29.220956400485978 ], [ -99.775407877021436, 29.220967615480532 ], [ -99.775394608505877, 29.22097774439721 ], [ -99.775380266495276, 29.220986689725045 ], [ -99.775364989060463, 29.220994365347462 ], [ -99.775349858277551, 29.221000328858882 ], [ -99.775356589394221, 29.221003245210859 ], [ -99.775371537956389, 29.221011405937087 ], [ -99.775385497957913, 29.221020806184178 ], [ -99.775398334942636, 29.221031355413025 ], [ -99.775409925270694, 29.221042952018074 ], [ -99.775420157309512, 29.221055484305925 ], [ -99.775428932508888, 29.221068831571138 ], [ -99.775436166350246, 29.221082865258833 ], [ -99.775441789160581, 29.221097450202855 ], [ -99.775445746783603, 29.22111244592767 ], [ -99.77544800110141, 29.221127708001319 ], [ -99.775448530401448, 29.221143089426612 ], [ -99.775441630401431, 29.221458889417402 ], [ -99.775440430212527, 29.221474237355164 ], [ -99.775437512510834, 29.221489408781096 ], [ -99.775432905381194, 29.221504257659941 ], [ -99.775426653170399, 29.221518641061266 ], [ -99.775418816060238, 29.221532420535215 ], [ -99.775409469488267, 29.221545463445217 ], [ -99.775398703421629, 29.221557644244633 ], [ -99.77538662149108, 29.221568845685258 ], [ -99.775373339993465, 29.22157895994593 ], [ -99.775358986772247, 29.221587889670289 ], [ -99.775343699987062, 29.221595548903966 ], [ -99.775327626783621, 29.221601863921876 ], [ -99.775310921877519, 29.221606773937918 ], [ -99.775293746064889, 29.221610231690033 ], [ -99.775276264674673, 29.221612203895134 ], [ -99.775258645977203, 29.221612671569492 ], [ -99.775074545977219, 29.221609671574086 ], [ -99.775056941046159, 29.221608628318513 ], [ -99.775039538285881, 29.221606082903399 ], [ -99.775022505563996, 29.221602059881793 ], [ -99.775006007178732, 29.221596598059719 ], [ -99.77499020227404, 29.221589750121876 ], [ -99.77497524330461, 29.221581582123431 ], [ -99.774961274565158, 29.221572172852877 ], [ -99.774950145962109, 29.221563023230903 ], [ -99.774943141523892, 29.221561370109303 ], [ -99.774926646693274, 29.221555913169659 ], [ -99.774910844545175, 29.221549070802403 ], [ -99.774895887415937, 29.221540908969295 ], [ -99.774881919495755, 29.221531506351958 ], [ -99.774869075438588, 29.22152095359348 ], [ -99.774857479064153, 29.221509352424562 ], [ -99.774847242164142, 29.221496814682812 ], [ -99.774838463424672, 29.221483461234637 ], [ -99.774831227474834, 29.221469420810088 ], [ -99.774825604070813, 29.221454828761846 ], [ -99.774821647423565, 29.22143982576042 ], [ -99.774819395676047, 29.221424556438077 ], [ -99.774818870535654, 29.221409167994519 ], [ -99.774820470535673, 29.221336967992375 ], [ -99.774821676129719, 29.221321615676487 ], [ -99.774824600218238, 29.221306440427476 ], [ -99.774829214637833, 29.221291588406274 ], [ -99.774835474944538, 29.221277202660701 ], [ -99.774843320842052, 29.221263421747704 ], [ -99.774852676762407, 29.221250378398793 ], [ -99.774863452593792, 29.221238198241668 ], [ -99.774875544548479, 29.221226998590161 ], [ -99.774876020569053, 29.221226636468973 ], [ -99.774878070130171, 29.221133586341246 ], [ -99.774879273250392, 29.221118236937336 ], [ -99.774882194204281, 29.221103064324652 ], [ -99.77488680486988, 29.22108821458021 ], [ -99.77489306085721, 29.22107383067258 ], [ -99.774900901935666, 29.221060051085505 ], [ -99.774910252614006, 29.221047008484557 ], [ -99.774921022866934, 29.221034828439873 ], [ -99.774933109002077, 29.221023628217239 ], [ -99.774946394658087, 29.221013515648998 ], [ -99.774960751925079, 29.221004588095969 ], [ -99.774976042576029, 29.220996931509987 ], [ -99.774992119397638, 29.220990619606425 ], [ -99.774995299716849, 29.2209896856893 ], [ -99.774992947635823, 29.220988670467865 ], [ -99.774977986336182, 29.220980530293009 ], [ -99.774964011250077, 29.220971149520267 ], [ -99.774951156953463, 29.220960618483407 ], [ -99.774939547229479, 29.220949038592877 ], [ -99.774929293876298, 29.220936521359302 ], [ -99.774920495630738, 29.220923187319627 ], [ -99.774913237217334, 29.220909164876463 ], [ -99.774907588532457, 29.220894589061569 ], [ -99.774903603971296, 29.220879600235545 ], [ -99.774901321904011, 29.220864342736256 ], [ -99.77490076430621, 29.220848963488834 ], [ -99.774902747867259, 29.220749785471412 ], [ -99.774901500480823, 29.220747895704658 ], [ -99.774894228031073, 29.220733844616561 ], [ -99.774888571917899, 29.220719238111514 ], [ -99.774884586828563, 29.220704217415332 ], [ -99.774882311293737, 29.220688927758545 ], [ -99.774881767314923, 29.220673516972241 ], [ -99.774884167314909, 29.220559616969027 ], [ -99.774885352158861, 29.220544293610725 ], [ -99.774888248980744, 29.220529144917094 ], [ -99.77489282998927, 29.220514316220541 ], [ -99.774899051235579, 29.220499949783509 ], [ -99.774900311669043, 29.220497725736678 ], [ -99.774905764421092, 29.220225657733984 ], [ -99.774906937339694, 29.220210304528358 ], [ -99.774909828857858, 29.220195125580293 ], [ -99.774914411130226, 29.220180267063512 ], [ -99.774920640029379, 29.220165872066044 ], [ -99.774928455570901, 29.220152079212291 ], [ -99.774937782490923, 29.220139021328009 ], [ -99.774948530971017, 29.220126824161255 ], [ -99.774960597503053, 29.220115605171326 ], [ -99.774973865886039, 29.220105472397716 ], [ -99.774988208345135, 29.220096523419588 ], [ -99.775003486762131, 29.22008884441615 ], [ -99.77501955400551, 29.220082509336674 ], [ -99.775036255347388, 29.220077579188374 ], [ -99.775053429953388, 29.220074101448887 ], [ -99.775070912431701, 29.220072109609095 ], [ -99.775088534425606, 29.22007162285054 ], [ -99.775324934425612, 29.220075222856053 ], [ -99.775332775745426, 29.220075678873577 ], [ -99.775332997712439, 29.220074594111225 ], [ -99.775337782741218, 29.220059786231062 ], [ -99.775344207540883, 29.220045458905915 ], [ -99.775352210255107, 29.220031750075819 ], [ -99.775353172046835, 29.220030438650863 ], [ -99.775351034898833, 29.220024788876177 ], [ -99.77534717459335, 29.220009769722076 ], [ -99.775345020169894, 29.219994492602876 ], [ -99.775344592389246, 29.219979104734428 ], [ -99.775347892389249, 29.219863204730029 ], [ -99.775349194100755, 29.219847863363167 ], [ -99.775352212015406, 29.219832707147638 ], [ -99.77535691708556, 29.219817881962879 ], [ -99.775363264024719, 29.219803530502201 ], [ -99.775371191743275, 29.219789790899355 ], [ -99.775380623936542, 29.21977679539895 ], [ -99.775386524845842, 29.219770197846032 ], [ -99.775383837848068, 29.219759684036767 ], [ -99.775381704686424, 29.219744407253604 ], [ -99.775381297727606, 29.219729021544467 ], [ -99.775384797727611, 29.219611621539794 ], [ -99.775386120676032, 29.219596276607859 ], [ -99.775389160664531, 29.219581118743832 ], [ -99.775393888414371, 29.219566293935934 ], [ -99.775400258391784, 29.219551944964703 ], [ -99.775408209246379, 29.219538210027885 ], [ -99.775417664402028, 29.219525221409384 ], [ -99.775428532794493, 29.219513104205209 ], [ -99.775440709748281, 29.219501975118654 ], [ -99.775454077985017, 29.219491941336269 ], [ -99.775468508752795, 29.219483099495555 ], [ -99.775483863066327, 29.219475534754178 ], [ -99.775499993045457, 29.2194693199698 ], [ -99.775516743339494, 29.219464514998371 ], [ -99.775533952623334, 29.219461166117632 ], [ -99.775551455151316, 29.219459305581395 ], [ -99.775569082353456, 29.219458951308901 ], [ -99.775998661929762, 29.219468725696721 ], [ -99.776006320652812, 29.219464894672534 ], [ -99.77602241222732, 29.219458585684173 ], [ -99.776039135158086, 29.219453684395198 ], [ -99.776056328222211, 29.219450238058268 ], [ -99.776073825664383, 29.219448279899073 ], [ -99.776091458794781, 29.219447828795978 ], [ -99.776126158794796, 29.219448428796895 ], [ -99.776143749604628, 29.219449488269962 ], [ -99.776161136701035, 29.21945204756291 ], [ -99.776178152611081, 29.21945608202445 ], [ -99.776194633437171, 29.219461552794407 ], [ -99.776210420435646, 29.219468407177967 ], [ -99.776225361545755, 29.21947657915328 ], [ -99.776239312854415, 29.219485990007428 ], [ -99.776252139982304, 29.219496549094497 ], [ -99.776263719378306, 29.219508154708812 ], [ -99.776273939509352, 29.219520695064503 ], [ -99.77628270193496, 29.219534049372264 ], [ -99.776289922255231, 29.219548089002831 ], [ -99.776295530923917, 29.219562678725911 ], [ -99.776299473918172, 29.219577678012779 ], [ -99.776301713258988, 29.219592942389838 ], [ -99.776302227377002, 29.219608324830176 ], [ -99.776285248834938, 29.220351737043863 ], [ -99.776295083091981, 29.220353232633183 ], [ -99.776312059465184, 29.220357342994518 ], [ -99.7763284929501, 29.220362884697355 ], [ -99.776344225529826, 29.220369804454997 ], [ -99.776359105927099, 29.220378035729947 ], [ -99.776372991058864, 29.220387499373736 ], [ -99.776385747412036, 29.220398104387989 ], [ -99.776397252327371, 29.220409748799412 ], [ -99.776407395178893, 29.220422320640346 ], [ -99.776416078437606, 29.220435699025415 ], [ -99.776423218609267, 29.220449755313922 ], [ -99.77642874703723, 29.220464354346785 ], [ -99.776432610562708, 29.220479355746193 ], [ -99.776434772035813, 29.220494615265444 ], [ -99.776435210672787, 29.220509986175898 ], [ -99.776432093258151, 29.220622628810425 ] ] ] } },
{ "type": "Feature", "properties": { "name": "Legacy Elementary School", "category": "school" }, "geometry": { "type": "MultiPolygon", "coordinates": [ [ [ [ -99.773895896646337, 29.221556834185549 ], [ -99.773898581504596, 29.221557195817859 ], [ -99.773915655788628, 29.221561021117409 ], [ -99.773932218350737, 29.221566288314023 ], [ -99.773948109746001, 29.221572946701066 ], [ -99.773963176990563, 29.221580932179098 ], [ -99.773977275034582, 29.221590167872961 ], [ -99.773990268158585, 29.221600564871846 ], [ -99.77400203127992, 29.221612023085257 ], [ -99.774012451156977, 29.221624432206546 ], [ -99.774021427479354, 29.221637672774868 ], [ -99.774028873833501, 29.221651617325179 ], [ -99.774034718534637, 29.221666131615379 ], [ -99.774038905316758, 29.221681075918614 ], [ -99.774041393874455, 29.221696306368422 ], [ -99.77405759387446, 29.221848606389976 ], [ -99.774058360206197, 29.221863983274524 ], [ -99.774057395422076, 29.221879351645971 ], [ -99.774054708818298, 29.221894563422417 ], [ -99.774050326281568, 29.221909472030898 ], [ -99.774044290039868, 29.221923933819689 ], [ -99.774036658255397, 29.221937809442441 ], [ -99.774027504464215, 29.221950965200865 ], [ -99.774016916867666, 29.221963274332946 ], [ -99.774004997482507, 29.221974618234377 ], [ -99.773991861158009, 29.221984887601337 ], [ -99.773977634469233, 29.221993983483689 ], [ -99.773962454497379, 29.222001818238379 ], [ -99.773946467509091, 29.22200831637392 ], [ -99.773929827546993, 29.222013415277797 ], [ -99.773914504859221, 29.222016680171002 ], [ -99.773900109816751, 29.222216727592553 ], [ -99.773898142771145, 29.222232018268034 ], [ -99.773894467966102, 29.222247067059655 ], [ -99.77388912078888, 29.222261729052072 ], [ -99.773882152731304, 29.222275863054723 ], [ -99.773873630893704, 29.222289332961527 ], [ -99.77386363733892, 29.222302009061465 ], [ -99.773852268302008, 29.22231376928768 ], [ -99.773839633263449, 29.222324500392972 ], [ -99.773825853895048, 29.222334099040204 ], [ -99.773811062888086, 29.222342472797539 ], [ -99.773795402675702, 29.222349541028429 ], [ -99.77377902406117, 29.222355235668136 ], [ -99.773762084765835, 29.222359501879172 ], [ -99.773744747910158, 29.222362298579331 ], [ -99.773727180443061, 29.22236359883733 ], [ -99.773709551534154, 29.222363390132116 ], [ -99.773503151534143, 29.222352090149371 ], [ -99.77348562943078, 29.222350374276175 ], [ -99.773468384427801, 29.222347167713647 ], [ -99.773451582618449, 29.222342501345256 ], [ -99.773435385827383, 29.222336420114427 ], [ -99.773419950052102, 29.222328982591552 ], [ -99.7734157602452, 29.222326466824985 ], [ -99.772701142245594, 29.222608102350041 ], [ -99.772684433777684, 29.222613828544702 ], [ -99.772667153974282, 29.222618071057514 ], [ -99.77264947533078, 29.222620787537831 ], [ -99.772631574324066, 29.22262195086854 ], [ -99.772613629650721, 29.222621549436759 ], [ -99.772595820443229, 29.222619587249756 ], [ -99.772578324481771, 29.222616083894945 ], [ -99.772561316419612, 29.222611074344393 ], [ -99.772544966039518, 29.222604608605632 ], [ -99.772529436558912, 29.222596751222564 ], [ -99.772514883000738, 29.222587580631117 ], [ -99.772501450645663, 29.22257718837627 ], [ -99.772489273582011, 29.222565678198222 ], [ -99.772478473367173, 29.222553164996842 ], [ -99.7724691578142, 29.222539773684662 ], [ -99.772361857814204, 29.222366573810771 ], [ -99.772354299327617, 29.222352811516359 ], [ -99.772348309687615, 29.222338473111769 ], [ -99.772343945638141, 29.222323694434156 ], [ -99.772341248522721, 29.222308615491706 ], [ -99.772340243892998, 29.222293379137295 ], [ -99.772340624628555, 29.222285053616694 ], [ -99.772337184501808, 29.222281325355237 ], [ -99.77232764740161, 29.22226865543761 ], [ -99.772204247401604, 29.222086055579613 ], [ -99.772196100047395, 29.222072534721033 ], [ -99.772189498976829, 29.222058386094869 ], [ -99.77218450684876, 29.222043744002889 ], [ -99.772181171049652, 29.222028747431011 ], [ -99.772179523243622, 29.222013538729989 ], [ -99.772179579072102, 29.221998262264254 ], [ -99.772181338005055, 29.221983063041495 ], [ -99.772184783346361, 29.221968085336297 ], [ -99.772189882391999, 29.221953471320585 ], [ -99.772196586740705, 29.221939359714128 ], [ -99.772204832753246, 29.221925884467765 ], [ -99.77221454215659, 29.221913173491895 ], [ -99.772225622786848, 29.221901347442305 ], [ -99.772237969464172, 29.221890518574899 ], [ -99.772251464991015, 29.221880789680107 ], [ -99.772265981264781, 29.221872253107129 ], [ -99.772281380493695, 29.22186498988739 ], [ -99.772874477585063, 29.221617029646804 ], [ -99.772871374844982, 29.221485220593255 ], [ -99.772871839738016, 29.221470277501279 ], [ -99.772873933012704, 29.221455440952543 ], [ -99.772877635643368, 29.221440845796021 ], [ -99.772882913976915, 29.221426624686746 ], [ -99.772889720038734, 29.221412906880079 ], [ -99.772897991968748, 29.221399817056941 ], [ -99.772907654583676, 29.221387474190568 ], [ -99.772918620060338, 29.221375990465134 ], [ -99.772930788733888, 29.221365470256153 ], [ -99.772944050003616, 29.221356009181779 ], [ -99.772958283338326, 29.221347693233689 ], [ -99.77297335937169, 29.221340597995553 ], [ -99.772989141078142, 29.221334787956007 ], [ -99.773005485018274, 29.221330315922543 ], [ -99.773022242642554, 29.221327222541497 ], [ -99.773039261641514, 29.221325535928621 ], [ -99.773119761641524, 29.221320935921604 ], [ -99.773137662368342, 29.22132069315936 ], [ -99.773155501905762, 29.221322006423296 ], [ -99.773173103115582, 29.22132486267326 ], [ -99.773190291226101, 29.221329233547905 ], [ -99.773206895567469, 29.221335075646333 ], [ -99.773222751266417, 29.221342330959001 ], [ -99.773237700883342, 29.221350927443787 ], [ -99.773251595975594, 29.221360779741325 ], [ -99.773264298571476, 29.221371790022619 ], [ -99.773275682540188, 29.221383848960393 ], [ -99.773285634844299, 29.221396836814751 ], [ -99.773294056662138, 29.221410624622091 ], [ -99.773300864369006, 29.221425075475707 ], [ -99.773302474489512, 29.221429777811121 ], [ -99.773385164441734, 29.221428236798516 ], [ -99.773402282287933, 29.221428630140842 ], [ -99.773419279476585, 29.22143044396277 ], [ -99.773436001603613, 29.221433661787287 ], [ -99.773452296763637, 29.221438254383258 ], [ -99.773468016929897, 29.221444180030915 ], [ -99.773470525885244, 29.221445384953782 ], [ -99.773595109627522, 29.221435362945297 ], [ -99.773612719520116, 29.221434704116881 ], [ -99.77363031863753, 29.221435554423785 ], [ -99.773647737591162, 29.221437905681885 ], [ -99.773664808726551, 29.221441735260626 ], [ -99.773681367736827, 29.221447006300785 ], [ -99.773697255244301, 29.221453668069259 ], [ -99.773712318334375, 29.221461656447385 ], [ -99.77372641202733, 29.221470894548052 ], [ -99.773739400673719, 29.221481293455771 ], [ -99.773747585682869, 29.221489270362909 ], [ -99.773749345568902, 29.22148920381143 ], [ -99.773766962868535, 29.221490049415696 ], [ -99.773784400176993, 29.221492399062381 ], [ -99.773801489322906, 29.221496230090569 ], [ -99.773818065492605, 29.221501505552329 ], [ -99.773833968819801, 29.221508174569074 ], [ -99.773849045927321, 29.221516172822238 ], [ -99.773863151406303, 29.221525423173617 ], [ -99.773876149218665, 29.22153583640927 ], [ -99.773887914009023, 29.22154731210005 ], [ -99.773895896646337, 29.221556834185549 ] ] ], [ [ [ -99.776432093258151, 29.220622628810425 ], [ -99.776666614166288, 29.220627545049297 ], [ -99.776684198608493, 29.22062866894445 ], [ -99.776701572149477, 29.220631291693017 ], [ -99.776718567468052, 29.220635388035699 ], [ -99.776735020885624, 29.220640918521248 ], [ -99.776750773942567, 29.220647829886399 ], [ -99.776765674924206, 29.220656055568877 ], [ -99.77677958032217, 29.220665516348443 ], [ -99.776792356216248, 29.22067612110984 ], [ -99.776803879564284, 29.220687767720346 ], [ -99.77681403938719, 29.220700344013391 ], [ -99.776822737837676, 29.220713728868834 ], [ -99.776829891142683, 29.220727793379456 ], [ -99.776835430410117, 29.220742402092451 ], [ -99.776839302292387, 29.220757414313951 ], [ -99.776841469500113, 29.220772685464045 ], [ -99.776841911161384, 29.220788068469176 ], [ -99.776838611161367, 29.220907868464764 ], [ -99.776837323213968, 29.220923213796535 ], [ -99.776834318175929, 29.220938375077548 ], [ -99.776829624983009, 29.220953206318548 ], [ -99.776823288826421, 29.220967564708307 ], [ -99.7768153707176, 29.220981311988815 ], [ -99.776805946900737, 29.220994315786506 ], [ -99.776795108118634, 29.221006450886911 ], [ -99.77678295873892, 29.221017600440369 ], [ -99.776769615749103, 29.221027657087149 ], [ -99.776755207630046, 29.221036523991195 ], [ -99.776739873118842, 29.221044115772585 ], [ -99.776723759872965, 29.221050359329674 ], [ -99.776707023048274, 29.221055194542902 ], [ -99.77668982380527, 29.221058574853764 ], [ -99.77667232775697, 29.221060467713091 ], [ -99.776654703374476, 29.221060854894429 ], [ -99.776262100841905, 29.221052658322048 ], [ -99.77626133643534, 29.221055075950265 ], [ -99.776255002618626, 29.2210694374436 ], [ -99.776247086269393, 29.221083187917422 ], [ -99.776237663636437, 29.221096194929974 ], [ -99.776226825476783, 29.221108333200423 ], [ -99.776214676181667, 29.221119485815517 ], [ -99.77620133277081, 29.221129545355655 ], [ -99.776186923765493, 29.221138414929538 ], [ -99.776171587950586, 29.221146009107382 ], [ -99.776155473037875, 29.221152254743764 ], [ -99.776138734243176, 29.221157091682105 ], [ -99.776121532791521, 29.221160473334113 ], [ -99.776104034364067, 29.221162367128493 ], [ -99.776086407502504, 29.221162754824629 ], [ -99.776000107502526, 29.221160954827383 ], [ -99.775982523565986, 29.221159832860302 ], [ -99.775965150301232, 29.221157212137701 ], [ -99.775948155014149, 29.221153117897227 ], [ -99.775931701370681, 29.221147589566574 ], [ -99.775915947820693, 29.221140680383762 ], [ -99.775901046072107, 29.22113245688449 ], [ -99.77588713962993, 29.221122998261404 ], [ -99.775874362414299, 29.221112395601441 ], [ -99.775862837470768, 29.221100751008709 ], [ -99.775852675785487, 29.221088176621222 ], [ -99.775843975216247, 29.221074793530995 ], [ -99.775837658949584, 29.221062380275836 ], [ -99.775689167366252, 29.22105925414197 ], [ -99.775671583860529, 29.221058128759847 ], [ -99.775654211405467, 29.221055504686166 ], [ -99.775637217296506, 29.221051407190455 ], [ -99.775620765185494, 29.221045875731075 ], [ -99.775605013505, 29.221038963575328 ], [ -99.775590113942471, 29.221030737286458 ], [ -99.775576209979491, 29.221021276082656 ], [ -99.775563435510136, 29.221010671074261 ], [ -99.775551913551539, 29.220999024386305 ], [ -99.775541755059237, 29.220986448175143 ], [ -99.775533057858709, 29.220973063548385 ], [ -99.775525905703319, 29.220958999398629 ], [ -99.775520367467749, 29.220944391162273 ], [ -99.775516496484769, 29.220929379515276 ], [ -99.775514330031655, 29.220914109018477 ], [ -99.77551388897119, 29.220898726725451 ], [ -99.775514866694579, 29.220863277685169 ], [ -99.775506280084812, 29.220865011769192 ], [ -99.775488824305484, 29.22086699387345 ], [ -99.775471230059253, 29.220867475627426 ], [ -99.775461986899572, 29.22086733327415 ], [ -99.775461556344666, 29.220872942737802 ], [ -99.775458660119995, 29.220888118472605 ], [ -99.775454073773844, 29.220902973447529 ], [ -99.775447841459055, 29.220917364653527 ], [ -99.775440023174284, 29.220931153546346 ], [ -99.77543069418634, 29.220944207380263 ], [ -99.775419944305582, 29.220956400485978 ], [ -99.775407877021436, 29.220967615480532 ], [ -99.775394608505877, 29.22097774439721 ], [ -99.775380266495276, 29.220986689725045 ], [ -99.775364989060463, 29.220994365347462 ], [ -99.775349858277551, 29.221000328858882 ], [ -99.775356589394221, 29.221003245210859 ], [ -99.775371537956389, 29.221011405937087 ], [ -99.775385497957913, 29.221020806184178 ], [ -99.775398334942636, 29.221031355413025 ], [ -99.775409925270694, 29.221042952018074 ], [ -99.775420157309512, 29.221055484305925 ], [ -99.775428932508888, 29.221068831571138 ], [ -99.775436166350246, 29.221082865258833 ], [ -99.775441789160581, 29.221097450202855 ], [ -99.775445746783603, 29.22111244592767 ], [ -99.77544800110141, 29.221127708001319 ], [ -99.775448530401448, 29.221143089426612 ], [ -99.775441630401431, 29.221458889417402 ], [ -99.775440430212527, 29.221474237355164 ], [ -99.775437512510834, 29.221489408781096 ], [ -99.775432905381194, 29.221504257659941 ], [ -99.775426653170399, 29.221518641061266 ], [ -99.775418816060238, 29.221532420535215 ], [ -99.775409469488267, 29.221545463445217 ], [ -99.775398703421629, 29.221557644244633 ], [ -99.77538662149108, 29.221568845685258 ], [ -99.775373339993465, 29.22157895994593 ], [ -99.775358986772247, 29.221587889670289 ], [ -99.775343699987062, 29.221595548903966 ], [ -99.775327626783621, 29.221601863921876 ], [ -99.775310921877519, 29.221606773937918 ], [ -99.775293746064889, 29.221610231690033 ], [ -99.775276264674673, 29.221612203895134 ], [ -99.775258645977203, 29.221612671569492 ], [ -99.775074545977219, 29.221609671574086 ], [ -99.775056941046159, 29.221608628318513 ], [ -99.775039538285881, 29.221606082903399 ], [ -99.775022505563996, 29.221602059881793 ], [ -99.775006007178732, 29.221596598059719 ], [ -99.77499020227404, 29.221589750121876 ], [ -99.77497524330461, 29.221581582123431 ], [ -99.774961274565158, 29.221572172852877 ], [ -99.774950145962109, 29.221563023230903 ], [ -99.774943141523892, 29.221561370109303 ], [ -99.774926646693274, 29.221555913169659 ], [ -99.774910844545175, 29.221549070802403 ], [ -99.774895887415937, 29.221540908969295 ], [ -99.774881919495755, 29.221531506351958 ], [ -99.774869075438588, 29.22152095359348 ], [ -99.774857479064153, 29.221509352424562 ], [ -99.774847242164142, 29.221496814682812 ], [ -99.774838463424672, 29.221483461234637 ], [ -99.774831227474834, 29.221469420810088 ], [ -99.774825604070813, 29.221454828761846 ], [ -99.774821647423565, 29.22143982576042 ], [ -99.774819395676047, 29.221424556438077 ], [ -99.774818870535654, 29.221409167994519 ], [ -99.774820470535673, 29.221336967992375 ], [ -99.774821676129719, 29.221321615676487 ], [ -99.774824600218238, 29.221306440427476 ], [ -99.774829214637833, 29.221291588406274 ], [ -99.774835474944538, 29.221277202660701 ], [ -99.774843320842052, 29.221263421747704 ], [ -99.774852676762407, 29.221250378398793 ], [ -99.774863452593792, 29.221238198241668 ], [ -99.774875544548479, 29.221226998590161 ], [ -99.774876020569053, 29.221226636468973 ], [ -99.774878070130171, 29.221133586341246 ], [ -99.774879273250392, 29.221118236937336 ], [ -99.774882194204281, 29.221103064324652 ], [ -99.77488680486988, 29.22108821458021 ], [ -99.77489306085721, 29.22107383067258 ], [ -99.774900901935666, 29.221060051085505 ], [ -99.774910252614006, 29.221047008484557 ], [ -99.774921022866934, 29.221034828439873 ], [ -99.774933109002077, 29.221023628217239 ], [ -99.774946394658087, 29.221013515648998 ], [ -99.774960751925079, 29.221004588095969 ], [ -99.774976042576029, 29.220996931509987 ], [ -99.774992119397638, 29.220990619606425 ], [ -99.774995299716849, 29.2209896856893 ], [ -99.774992947635823, 29.220988670467865 ], [ -99.774977986336182, 29.220980530293009 ], [ -99.774964011250077, 29.220971149520267 ], [ -99.774951156953463, 29.220960618483407 ], [ -99.774939547229479, 29.220949038592877 ], [ -99.774929293876298, 29.220936521359302 ], [ -99.774920495630738, 29.220923187319627 ], [ -99.774913237217334, 29.220909164876463 ], [ -99.774907588532457, 29.220894589061569 ], [ -99.774903603971296, 29.220879600235545 ], [ -99.774901321904011, 29.220864342736256 ], [ -99.77490076430621, 29.220848963488834 ], [ -99.774902747867259, 29.220749785471412 ], [ -99.774901500480823, 29.220747895704658 ], [ -99.774894228031073, 29.220733844616561 ], [ -99.774888571917899, 29.220719238111514 ], [ -99.774884586828563, 29.220704217415332 ], [ -99.774882311293737, 29.220688927758545 ], [ -99.774881767314923, 29.220673516972241 ], [ -99.774884167314909, 29.220559616969027 ], [ -99.774885352158861, 29.220544293610725 ], [ -99.774888248980744, 29.220529144917094 ], [ -99.77489282998927, 29.220514316220541 ], [ -99.774899051235579, 29.220499949783509 ], [ -99.774900311669043, 29.220497725736678 ], [ -99.774905764421092, 29.220225657733984 ], [ -99.774906937339694, 29.220210304528358 ], [ -99.774909828857858, 29.220195125580293 ], [ -99.774914411130226, 29.220180267063512 ], [ -99.774920640029379, 29.220165872066044 ], [ -99.774928455570901, 29.220152079212291 ], [ -99.774937782490923, 29.220139021328009 ], [ -99.774948530971017, 29.220126824161255 ], [ -99.774960597503053, 29.220115605171326 ], [ -99.774973865886039, 29.220105472397716 ], [ -99.774988208345135, 29.220096523419588 ], [ -99.775003486762131, 29.22008884441615 ], [ -99.77501955400551, 29.220082509336674 ], [ -99.775036255347388, 29.220077579188374 ], [ -99.775053429953388, 29.220074101448887 ], [ -99.775070912431701, 29.220072109609095 ], [ -99.775088534425606, 29.22007162285054 ], [ -99.775324934425612, 29.220075222856053 ], [ -99.775342527484781, 29.220076245992892 ], [ -99.775359920909352, 29.220078769259406 ], [ -99.775376947176326, 29.220082768352885 ], [ -99.775393442298991, 29.220088204756312 ], [ -99.775409247406287, 29.220095026109302 ], [ -99.775424210272988, 29.220103166712445 ], [ -99.775438186785735, 29.220112548160063 ], [ -99.775451042331255, 29.220123080095366 ], [ -99.77546265309266, 29.220134661080799 ], [ -99.775472907242133, 29.220147179574948 ], [ -99.775481706017871, 29.220160515006931 ], [ -99.775488964675404, 29.22017453893762 ], [ -99.775494613303692, 29.220189116296726 ], [ -99.77549791561502, 29.220201541121973 ], [ -99.776075161530869, 29.220215459008191 ], [ -99.776092650678081, 29.220216628244327 ], [ -99.776109925836948, 29.220219280311763 ], [ -99.776126822349497, 29.220223389932251 ], [ -99.776143179166851, 29.220228917934804 ], [ -99.776158840384184, 29.220235811629124 ], [ -99.776173656726812, 29.22024400530778 ], [ -99.776187486972972, 29.220253420872524 ], [ -99.776200199299836, 29.220263968578692 ], [ -99.776211672540015, 29.22027554789064 ], [ -99.776221797336476, 29.220288048439951 ], [ -99.776230477184839, 29.220301351077495 ], [ -99.776237629353247, 29.220315329009065 ], [ -99.776243185670907, 29.220329849003932 ], [ -99.776247093177801, 29.220344772664752 ], [ -99.776247737167878, 29.220349174759892 ], [ -99.776260158279186, 29.220349449885905 ], [ -99.776277727067452, 29.220350593136882 ], [ -99.776295083091981, 29.220353232633183 ], [ -99.776312059465184, 29.220357342994518 ], [ -99.7763284929501, 29.220362884697355 ], [ -99.776344225529826, 29.220369804454997 ], [ -99.776359105927099, 29.220378035729947 ], [ -99.776372991058864, 29.220387499373736 ], [ -99.776385747412036, 29.220398104387989 ], [ -99.776397252327371, 29.220409748799412 ], [ -99.776407395178893, 29.220422320640346 ], [ -99.776416078437606, 29.220435699025415 ], [ -99.776423218609267, 29.220449755313922 ], [ -99.77642874703723, 29.220464354346785 ], [ -99.776432610562708, 29.220479355746193 ], [ -99.776434772035813, 29.220494615265444 ], [ -99.776435210672787, 29.220509986175898 ], [ -99.776432093258151, 29.220622628810425 ] ] ] ] } },
{ "type": "Feature", "properties": { "name": "school_134", "category": "school" }, "geometry": { "type": "Polygon", "coordinates": [ [ [ -99.78937050305646, 29.19873870883729 ], [ -99.789368362552665, 29.198746165697738 ], [ -99.789365395917557, 29.198753403771068 ], [ -99.789361631661592, 29.198760353496834 ], [ -99.789357105960633, 29.198766948085702 ], [ -99.78935186230828, 29.198773124161374 ], [ -99.789345951097957, 29.198778822369587 ], [ -99.789339429138522, 29.198783987948577 ], [ -99.789332359108414, 29.198788571255363 ], [ -99.789324808953126, 29.198792528242759 ], [ -99.789316851232428, 29.198795820882765 ], [ -99.789308562422889, 29.198798417531979 ], [ -99.789300022182985, 29.198800293235728 ], [ -99.789291312587522, 29.19880142996784 ], [ -99.789282517338847, 29.198801816803943 ], [ -99.789273720962498, 29.198801450026401 ], [ -99.789265007994857, 29.19880033316009 ], [ -99.789033523974254, 29.19876045652844 ], [ -99.789017742154968, 29.198757969698171 ], [ -99.789017249993222, 29.198757890909338 ], [ -99.789004949993213, 29.198755890910839 ], [ -99.789002566340287, 29.198755474117455 ], [ -99.788944866340287, 29.198744674125535 ], [ -99.788936426510915, 29.198742715426143 ], [ -99.78892824443875, 29.198740050603892 ], [ -99.788920397451193, 29.198736704843547 ], [ -99.78891295970881, 29.198732709765238 ], [ -99.788906001504486, 29.198728103125717 ], [ -99.788899588599023, 29.198722928461507 ], [ -99.788893781599725, 29.1987172346774 ], [ -99.788888635387622, 29.19871107558432 ], [ -99.788884198598637, 29.198704509390755 ], [ -99.788880513164173, 29.198697598152634 ], [ -99.78887761391465, 29.198690407186856 ], [ -99.788875528250387, 29.19868300445399 ], [ -99.788874275882634, 29.198675459915993 ], [ -99.788873868647343, 29.198667844875015 ], [ -99.788874310393197, 29.198660231299527 ], [ -99.788875596945346, 29.198652691144179 ], [ -99.788913996945396, 29.198484291119041 ], [ -99.788916140263197, 29.198476826146941 ], [ -99.788919111501713, 29.198469580520584 ], [ -99.788922882043479, 29.198462624026213 ], [ -99.788927415572516, 29.198456023665329 ], [ -99.788932668424167, 29.198449843009353 ], [ -99.788938590005657, 29.198444141587309 ], [ -99.788945123283284, 29.198438974312506 ], [ -99.78895220533181, 29.198434390953583 ], [ -99.78895976794054, 29.19843043565524 ], [ -99.788967738270259, 29.198427146512969 ], [ -99.788976039554782, 29.198424555206199 ], [ -99.788984591840332, 29.198422686693132 ], [ -99.788993312755622, 29.198421558970381 ], [ -99.789002118305177, 29.198421182899629 ], [ -99.789010923678447, 29.198421562103018 ], [ -99.789019644066528, 29.198422692928215 ], [ -99.789338344066508, 29.198478092969786 ], [ -99.789346894647537, 29.198479964303907 ], [ -99.7893551939476, 29.198482558201825 ], [ -99.789363162047806, 29.198485849685309 ], [ -99.789370722218493, 29.198489807058596 ], [ -99.78937780165829, 29.198494392213735 ], [ -99.789384332195041, 29.198499560997419 ], [ -99.789390250942304, 29.198505263636275 ], [ -99.789395500904917, 29.198511445216084 ], [ -99.789400031527848, 29.19851804621063 ], [ -99.789403799183006, 29.198525003054939 ], [ -99.789406767589398, 29.198532248757314 ], [ -99.7894089081625, 29.198539713544506 ], [ -99.789410200289396, 29.198547325533578 ], [ -99.789410631527446, 29.198555011424101 ], [ -99.78941019772401, 29.198562697204039 ], [ -99.78940890305644, 29.19857030886244 ], [ -99.78937050305646, 29.19873870883729 ] ] ] } },
{ "type": "Feature", "properties": { "name": "school_136", "category": "school" }, "geometry": { "type": "Polygon", "coordinates": [ [ [ -99.78899860517285, 29.19891731850403 ], [ -99.788998480424212, 29.198917909321672 ], [ -99.788996280424243, 29.198928109320232 ], [ -99.788996225969896, 29.198928359554582 ], [ -99.788978025969882, 29.199011259542651 ], [ -99.788975966902328, 29.199018669143435 ], [ -99.788973093232357, 29.199025869161655 ], [ -99.788969432127033, 29.199032791530019 ], [ -99.788965018197587, 29.19903937080608 ], [ -99.788959893172333, 29.199045544790931 ], [ -99.788954105502071, 29.199051255117205 ], [ -99.78894770990216, 29.199056447800821 ], [ -99.788940766835125, 29.199061073751427 ], [ -99.78893334193917, 29.199065089236409 ], [ -99.788925505407562, 29.199068456294359 ], [ -99.788917331325123, 29.199071143093917 ], [ -99.788908896967769, 29.199073124234765 ], [ -99.788900282071992, 29.199074380987678 ], [ -99.788891568081084, 29.199074901471629 ], [ -99.788882837375141, 29.199074680766088 ], [ -99.788874172492257, 29.199073720957553 ], [ -99.788304172492261, 29.198985821023758 ], [ -99.788295564482581, 29.198984109005934 ], [ -99.788287190560723, 29.198981667656334 ], [ -99.788279131609343, 29.198978520555578 ], [ -99.788271465468853, 29.198974698101072 ], [ -99.788264266185536, 29.198970237213334 ], [ -99.788257603296358, 29.198965180979446 ], [ -99.788251541157322, 29.198959578236853 ], [ -99.788246138321895, 29.198953483101654 ], [ -99.788241446975363, 29.198946954445919 ], [ -99.788237512430868, 29.198940055329029 ], [ -99.78823437269169, 29.198932852388626 ], [ -99.78823205808412, 29.198925415196957 ], [ -99.788230590964744, 29.198917815588867 ], [ -99.788229985504231, 29.198910126967998 ], [ -99.788230247550644, 29.198902423597755 ], [ -99.788231374572931, 29.198894779884029 ], [ -99.788253074572935, 29.198788979869779 ], [ -99.788255050545501, 29.19878148551356 ], [ -99.788257857955017, 29.198774196151195 ], [ -99.788261469800901, 29.198767181888972 ], [ -99.788265851345869, 29.198760510187373 ], [ -99.788270960449935, 29.198754245212299 ], [ -99.788276747975729, 29.19874844721787 ], [ -99.788283158261095, 29.198743171967038 ], [ -99.788290129654442, 29.19873847019517 ], [ -99.788297595107622, 29.198734387122141 ], [ -99.788305482820846, 29.198730962017425 ], [ -99.788313716933175, 29.198728227822407 ], [ -99.788322218252148, 29.198726210833552 ], [ -99.788330905015414, 29.198724930449526 ], [ -99.788339693677074, 29.19872439898457 ], [ -99.788348499711248, 29.198724621550131 ], [ -99.78835723842495, 29.198725596005637 ], [ -99.788367518282953, 29.198727192877978 ], [ -99.788928398139731, 29.198814089822637 ], [ -99.788937007154999, 29.198815808474475 ], [ -99.788945381248425, 29.198818256730949 ], [ -99.788953439486761, 29.198821410930307 ], [ -99.788961103989351, 29.198825240588029 ], [ -99.788968300680992, 29.198829708691484 ], [ -99.78897496000765, 29.198834772057612 ], [ -99.788981017608776, 29.198840381750315 ], [ -99.788986414939387, 29.198846483553407 ], [ -99.788991099835783, 29.198853018494599 ], [ -99.788995027019766, 29.198859923415423 ], [ -99.788998158536188, 29.1988671315817 ], [ -99.789000464119809, 29.198874573328464 ], [ -99.789001921487838, 29.198882176733274 ], [ -99.789002516555229, 29.198889868311337 ], [ -99.789002243570778, 29.198897573725692 ], [ -99.789001105172858, 29.198905218505672 ], [ -99.78899860517285, 29.19891731850403 ] ] ] } },
{ "type": "Feature", "properties": { "name": "school_137", "category": "school" }, "geometry": { "type": "Polygon", "coordinates": [ [ [ -99.788936276957728, 29.199152254347936 ], [ -99.788936241777535, 29.199152421887476 ], [ -99.788933241777556, 29.19916662188551 ], [ -99.788933206540847, 29.199166787672993 ], [ -99.788913706540853, 29.199257987660193 ], [ -99.788911678434602, 29.199265436042701 ], [ -99.788908827935913, 29.199272676286995 ], [ -99.788905182215302, 29.199279639380254 ], [ -99.788900776023183, 29.199286258951428 ], [ -99.7888956513587, 29.199292471903888 ], [ -99.78888985706935, 29.199298219016825 ], [ -99.788883448385349, 29.199303445509749 ], [ -99.78887648639332, 29.199308101564636 ], [ -99.788869037453821, 29.199312142800778 ], [ -99.788861172569014, 29.199315530697842 ], [ -99.78885296670569, 29.199318232962977 ], [ -99.788844498080891, 29.199320223838679 ], [ -99.788835847416195, 29.199321484348271 ], [ -99.788827097168365, 29.199322002476812 ], [ -99.788818330743396, 29.19932177328559 ], [ -99.788809631701483, 29.19932079895921 ], [ -99.788253231701475, 29.199234199024428 ], [ -99.788244639098892, 29.199232478071686 ], [ -99.788236281116752, 29.199230030187998 ], [ -99.78822823825098, 29.199226878948934 ], [ -99.788220587962641, 29.199223054704092 ], [ -99.788213403931806, 29.199218594284801 ], [ -99.788206755348099, 29.199213540649382 ], [ -99.788200706244155, 29.199207942469446 ], [ -99.788195314879076, 29.199201853661123 ], [ -99.788190633177194, 29.199195332865777 ], [ -99.788186706228132, 29.199188442885291 ], [ -99.788183571852429, 29.199181250077157 ], [ -99.788181260237337, 29.199173823715441 ], [ -99.788179793646052, 29.199166235323567 ], [ -99.788179186203379, 29.199158557985491 ], [ -99.788179443759589, 29.199150865641855 ], [ -99.788180563834189, 29.199143232377793 ], [ -99.788205263834186, 29.199022332361555 ], [ -99.788207247569147, 29.199014794762988 ], [ -99.788210072241299, 29.199007464403476 ], [ -99.788213710374578, 29.199000412586731 ], [ -99.788218126580247, 29.198993707906975 ], [ -99.788223277901153, 29.19898741558184 ], [ -99.788229114229523, 29.198981596817898 ], [ -99.788235578794428, 29.198976308215315 ], [ -99.788242608713972, 29.198971601217291 ], [ -99.788250135606944, 29.198967521609667 ], [ -99.78825808625804, 29.198964109075543 ], [ -99.788266383329912, 29.198961396809274 ], [ -99.788274946115607, 29.198959411193574 ], [ -99.788283691323414, 29.198958171542916 ], [ -99.788292533887301, 29.198957689915598 ], [ -99.788301387794164, 29.198957970996513 ], [ -99.788310166920567, 29.198959012051525 ], [ -99.788866766920563, 29.199049612119641 ], [ -99.788875321077072, 29.199051386594594 ], [ -99.788883635537729, 29.199053882553791 ], [ -99.788891630652117, 29.199057076086479 ], [ -99.788899229828957, 29.19906093659937 ], [ -99.788906360269976, 29.199065427109584 ], [ -99.788912953667307, 29.199070504599081 ], [ -99.788918946857819, 29.199076120426646 ], [ -99.788924282428198, 29.199082220793947 ], [ -99.788928909265024, 29.199088747260888 ], [ -99.788932783044274, 29.199095637305412 ], [ -99.788935866656132, 29.19910282492253 ], [ -99.788938130560311, 29.199110241256555 ], [ -99.788939553069184, 29.199117815260792 ], [ -99.788940120555466, 29.199125474378093 ], [ -99.788939827582794, 29.199133145235979 ], [ -99.788938676957727, 29.199140754349514 ], [ -99.788936276957728, 29.199152254347936 ] ] ] } },
{ "type": "Feature", "properties": { "name": "school_139", "category": "school" }, "geometry": { "type": "Polygon", "coordinates": [ [ [ -99.787793122858233, 29.199126146532233 ], [ -99.787795120571346, 29.199118670334151 ], [ -99.787797946159273, 29.199111400479445 ], [ -99.787801572541113, 29.199104406643691 ], [ -99.787805964960995, 29.199097755857007 ], [ -99.787811081321252, 29.199091511861731 ], [ -99.787816872585822, 29.19908573450142 ], [ -99.787823283250276, 29.199080479147334 ], [ -99.787830251873743, 29.199075796167769 ], [ -99.787837711667777, 29.199071730445233 ], [ -99.78784559113646, 29.199068320946385 ], [ -99.787853814761661, 29.199065600348469 ], [ -99.787862303726783, 29.199063594726233 ], [ -99.787870976672181, 29.199062323301916 ], [ -99.7878797504749, 29.199061798261088 ], [ -99.787888541045376, 29.199062024635861 ], [ -99.787897264133278, 29.19906300025659 ], [ -99.788239164133302, 29.199116200296654 ], [ -99.788247759450186, 29.199117921542715 ], [ -99.788256120015802, 29.199120370172562 ], [ -99.788264165259648, 29.199123522588788 ], [ -99.788271817649942, 29.199127348411572 ], [ -99.788279003440834, 29.199131810771505 ], [ -99.788285653383099, 29.19913686666489 ], [ -99.788291703391408, 29.199142467368155 ], [ -99.788297095162051, 29.19914855890741 ], [ -99.788301776734698, 29.199155082578592 ], [ -99.788305702993156, 29.199161975513213 ], [ -99.788308836100242, 29.199169171284211 ], [ -99.788311145862252, 29.199176600546096 ], [ -99.788312610020085, 29.19918419170326 ], [ -99.788313214463727, 29.199191871599933 ], [ -99.788312953368148, 29.199199566225179 ], [ -99.788311829249523, 29.199207201426123 ], [ -99.788257429249512, 29.199472801390371 ], [ -99.788255440017508, 29.199480343490208 ], [ -99.788252608773831, 29.199487677682711 ], [ -99.788248963097629, 29.199494732525615 ], [ -99.78824453850136, 29.199501439297809 ], [ -99.788239378084995, 29.199507732668728 ], [ -99.78823353211618, 29.199513551334775 ], [ -99.788227057540368, 29.199518838616445 ], [ -99.78822001742644, 29.199523543010454 ], [ -99.788212480352072, 29.199527618691384 ], [ -99.788204519735856, 29.199531025958166 ], [ -99.788196213122106, 29.199533731620665 ], [ -99.78818764142548, 29.199535709323129 ], [ -99.78817888814288, 29.199536939800801 ], [ -99.788170038539917, 29.19953741106762 ], [ -99.788161178820559, 29.199537118532998 ], [ -99.788152395287241, 29.199536065046516 ], [ -99.787810095287242, 29.199479865088758 ], [ -99.787801552786348, 29.199478081127541 ], [ -99.787793250706812, 29.199475577437134 ], [ -99.787785268421104, 29.199472377954145 ], [ -99.787777682244297, 29.199468513267355 ], [ -99.787770564704488, 29.199464020325241 ], [ -99.787763983849288, 29.19945894208275 ], [ -99.787758002595353, 29.199453327090612 ], [ -99.787752678126779, 29.1994472290312 ], [ -99.787748061348452, 29.199440706205262 ], [ -99.787744196399316, 29.199433820974559 ], [ -99.787741120230464, 29.199426639165665 ], [ -99.787738862251757, 29.199419229440611 ], [ -99.787737444050734, 29.19941166264044 ], [ -99.787736879186212, 29.199404011107941 ], [ -99.787737173058559, 29.199396347996 ], [ -99.787738322858218, 29.199388746568236 ], [ -99.787793122858233, 29.199126146532233 ] ] ] } },
{ "type": "Feature", "properties": { "name": "school_142", "category": "school" }, "geometry": { "type": "Polygon", "coordinates": [ [ [ -99.788371980259043, 29.199449643533182 ], [ -99.788363463097994, 29.199447909617927 ], [ -99.788355179454229, 29.199445460943746 ], [ -99.788347207843088, 29.199442320720014 ], [ -99.788339623822338, 29.199438518710807 ], [ -99.788332499276009, 29.199434090952849 ], [ -99.788325901733089, 29.199429079413942 ], [ -99.788319893727419, 29.199423531595123 ], [ -99.788314532205021, 29.199417500080528 ], [ -99.788309867984296, 29.1994110420389 ], [ -99.788305945274402, 29.199404218681785 ], [ -99.788302801256165, 29.199397094683309 ], [ -99.788300465729719, 29.199389737567206 ], [ -99.788298960831995, 29.199382217066802 ], [ -99.788298300826952, 29.19937460446403 ], [ -99.788298491970366, 29.199366971913843 ], [ -99.788299532450495, 29.19935939176025 ], [ -99.788317032450493, 29.19926929174872 ], [ -99.788317299997047, 29.199267981799572 ], [ -99.788322999997035, 29.199241381795829 ], [ -99.788325038022251, 29.199233914467261 ], [ -99.78832790267812, 29.199226656862702 ], [ -99.788331566513236, 29.199219678530337 ], [ -99.788335994417807, 29.199213046342134 ], [ -99.788341143960167, 29.199206823853054 ], [ -99.788346965793309, 29.199201070691995 ], [ -99.788353404127818, 29.199195841990385 ], [ -99.788360397266445, 29.199191187853874 ], [ -99.788367878195444, 29.199187152882185 ], [ -99.788375775226555, 29.199183775741666 ], [ -99.788384012684233, 29.199181088794838 ], [ -99.78839251163059, 29.199179117790202 ], [ -99.788401190621997, 29.199177881615533 ], [ -99.788409966489468, 29.199177392116852 ], [ -99.788418755135694, 29.199177653984954 ], [ -99.788427472340913, 29.199178664710384 ], [ -99.788833072340907, 29.199243464759139 ], [ -99.788841640521625, 29.199245216143449 ], [ -99.788849971285515, 29.199247690932136 ], [ -99.788857984688278, 29.19925086537642 ], [ -99.788865603831098, 29.199254709013388 ], [ -99.788872755598575, 29.199259184958365 ], [ -99.788879371360423, 29.199264250258885 ], [ -99.788885387629961, 29.199269856306856 ], [ -99.788890746673403, 29.199275949305001 ], [ -99.788895397063925, 29.199282470783174 ], [ -99.788899294175081, 29.199289358159398 ], [ -99.788902400609146, 29.199296545340456 ], [ -99.788904686555881, 29.19930396335614 ], [ -99.788906130078757, 29.199311541021078 ], [ -99.788906717325347, 29.199319205617908 ], [ -99.788906442660206, 29.199326883595031 ], [ -99.788905308719151, 29.199334501272489 ], [ -99.788902708719149, 29.199347101270778 ], [ -99.788902692547225, 29.199347179415582 ], [ -99.788900492547242, 29.199357779414132 ], [ -99.788900263433916, 29.199358841543514 ], [ -99.788879463433915, 29.199451741529888 ], [ -99.78887737022346, 29.199459153402987 ], [ -99.788874461334473, 29.199466352487018 ], [ -99.788870764334177, 29.199473270557078 ], [ -99.788866314258684, 29.199479842051399 ], [ -99.788861153280862, 29.199486004692684 ], [ -99.788855330310795, 29.199491700078308 ], [ -99.788848900532159, 29.199496874233773 ], [ -99.78884192487925, 29.19950147812423 ], [ -99.788834469459644, 29.19950546811917 ], [ -99.788826604927579, 29.199508806405898 ], [ -99.788818405814396, 29.199511461347882 ], [ -99.788809949822237, 29.199513407784568 ], [ -99.78880131708766, 29.199514627269831 ], [ -99.788792589422187, 29.199515108246743 ], [ -99.788783849536983, 29.199514846157168 ], [ -99.788775180259037, 29.199513843484876 ], [ -99.788371980259043, 29.199449643533182 ] ] ] } },
{ "type": "Feature", "properties": { "name": "school_143", "category": "school" }, "geometry": { "type": "Polygon", "coordinates": [ [ [ -99.788189412874488, 29.199543916667228 ], [ -99.78818086182126, 29.199542159218936 ], [ -99.788172548305525, 29.199539681080282 ], [ -99.788164551832821, 29.199536505950679 ], [ -99.788156948876605, 29.199532664195086 ], [ -99.788149812147026, 29.199528192553689 ], [ -99.788143209895509, 29.199523133790517 ], [ -99.788137205262032, 29.199517536284485 ], [ -99.788131855671338, 29.199511453566711 ], [ -99.788127212283698, 29.199504943808584 ], [ -99.788123319505715, 29.199498069265498 ], [ -99.788120214565595, 29.199490895681382 ], [ -99.788117927157117, 29.199483491660061 ], [ -99.788116479155704, 29.199475928009143 ], [ -99.788115884409166, 29.199468277062838 ], [ -99.788116148605312, 29.199460611990212 ], [ -99.788117269217523, 29.199453006095439 ], [ -99.78815816921751, 29.199253206068558 ], [ -99.788160151193338, 29.199245683607959 ], [ -99.788162970794858, 29.199238367687087 ], [ -99.788166600702212, 29.199231329191928 ], [ -99.78817100574426, 29.199224636320409 ], [ -99.788176143239355, 29.19921835392163 ], [ -99.788181963408945, 29.199212542867542 ], [ -99.788188409859814, 29.199207259463069 ], [ -99.788195420130577, 29.199202554900634 ], [ -99.788202926296862, 29.199198474764088 ], [ -99.788210855629401, 29.199195058587041 ], [ -99.788219131298717, 29.199192339469832 ], [ -99.788227673119678, 29.199190343758758 ], [ -99.788236398328252, 29.199189090790849 ], [ -99.788245222383594, 29.199188592706477 ], [ -99.788254059787008, 29.199188854331723 ], [ -99.788262824910547, 29.199189873131623 ], [ -99.788409424910554, 29.199213373149306 ], [ -99.788418009051824, 29.199215133285385 ], [ -99.788426354153017, 29.199217619594773 ], [ -99.788434379807427, 29.199220808121336 ], [ -99.788442008686332, 29.199224668142946 ], [ -99.788449167283943, 29.199229162467446 ], [ -99.788455786625804, 29.199234247791065 ], [ -99.788461802933227, 29.199239875115634 ], [ -99.788467158237921, 29.199245990220678 ], [ -99.788471800940499, 29.199252534185884 ], [ -99.788475686307564, 29.199259443958788 ], [ -99.788478776902863, 29.199266652962304 ], [ -99.788481042947907, 29.199274091736211 ], [ -99.788482462608911, 29.199281688606426 ], [ -99.788483022207146, 29.199289370375585 ], [ -99.788482716350799, 29.199297063028318 ], [ -99.788481547986819, 29.199304692444411 ], [ -99.788439447986832, 29.19950439241676 ], [ -99.788437428457584, 29.199511884813095 ], [ -99.788434577194593, 29.19951916828602 ], [ -99.788430921668407, 29.199526172662782 ], [ -99.788426497098271, 29.199532830459606 ], [ -99.788421346112827, 29.199539077531835 ], [ -99.78841551833942, 29.199544853691975 ], [ -99.788409069925819, 29.199550103289528 ], [ -99.788402062999467, 29.199554775747231 ], [ -99.788394565068785, 29.199558826048229 ], [ -99.788386648372764, 29.199562215169863 ], [ -99.788378389185041, 29.199564910459632 ], [ -99.788369867078927, 29.199566885949746 ], [ -99.788361164160918, 29.199568122607335 ], [ -99.78835236427949, 29.199568608517819 ], [ -99.788343552217327, 29.199568338999686 ], [ -99.788334812874481, 29.199567316649613 ], [ -99.788189412874488, 29.199543916667228 ] ] ] } },
{ "type": "Feature", "properties": { "name": "school_145", "category": "school" }, "geometry": { "type": "Polygon", "coordinates": [ [ [ -99.789477106714614, 29.19963436767398 ], [ -99.789463970236625, 29.199721887310883 ], [ -99.789463510778148, 29.199724583652387 ], [ -99.78944441077816, 29.199824683639797 ], [ -99.789442508468468, 29.199832296888971 ], [ -99.789439749956145, 29.199839707741127 ], [ -99.789436162480115, 29.199846843017848 ], [ -99.789431781464913, 29.199853632261931 ], [ -99.789426650170839, 29.19986000843307 ], [ -99.789420819266866, 29.199865908569862 ], [ -99.789414346330261, 29.199871274411496 ], [ -99.789407295277996, 29.199876052973064 ], [ -99.789399735735699, 29.199880197068758 ], [ -99.789391742350048, 29.199883665777786 ], [ -99.789383394051725, 29.199886424848454 ], [ -99.789374773275966, 29.199888447036393 ], [ -99.789365965148633, 29.19988971237354 ], [ -99.789357056645542, 29.199890208365371 ], [ -99.789348135733718, 29.199889930114207 ], [ -99.789339290502681, 29.199888880367649 ], [ -99.789016390502681, 29.199836180407274 ], [ -99.789007581962053, 29.199834337223784 ], [ -99.789007581214321, 29.199834336995718 ], [ -99.789000998420647, 29.199834142187399 ], [ -99.788992149225436, 29.199833106185647 ], [ -99.788828149225438, 29.199806606205573 ], [ -99.78881974336052, 29.199804879468225 ], [ -99.7888115662697, 29.199802456155531 ], [ -99.788803693516826, 29.199799358661092 ], [ -99.78879619785333, 29.199795615608515 ], [ -99.788789148546087, 29.199791261587006 ], [ -99.78878261073713, 29.199786336831647 ], [ -99.788776644841818, 29.199780886851602 ], [ -99.788771305990537, 29.199774962009634 ], [ -99.788766643519168, 29.199768617056641 ], [ -99.788762700513232, 29.199761910625757 ], [ -99.788759513409715, 29.199754904690501 ], [ -99.788757111660374, 29.199747663992088 ], [ -99.788755517459606, 29.199740255441192 ], [ -99.788754745539308, 29.199732747499585 ], [ -99.788754803032674, 29.199725209547559 ], [ -99.788755689408447, 29.199717711242695 ], [ -99.788771489408461, 29.199627011232266 ], [ -99.788771524122268, 29.199626813652056 ], [ -99.788774951679343, 29.199607469623675 ], [ -99.788774622503084, 29.199606520295973 ], [ -99.788772888210602, 29.199598792430603 ], [ -99.78877205056601, 29.199590951692453 ], [ -99.788772118016695, 29.199583077152919 ], [ -99.78877308988244, 29.199575248224292 ], [ -99.788774956362303, 29.199567543858926 ], [ -99.788813356362297, 29.199440843834115 ], [ -99.788816073911576, 29.199433399276785 ], [ -99.788819626669564, 29.199426227747757 ], [ -99.788823979364295, 29.199419400446455 ], [ -99.788829088781966, 29.199412985154808 ], [ -99.788834904195951, 29.199407045564282 ], [ -99.788841367870518, 29.199401640643579 ], [ -99.788848415633908, 29.199396824053139 ], [ -99.788855977515524, 29.199392643612448 ], [ -99.788863978440531, 29.199389140825254 ], [ -99.788872338975295, 29.199386350467496 ], [ -99.788880976115976, 29.19938430024207 ], [ -99.788889804112472, 29.19938301050378 ], [ -99.788898735319961, 29.199382494057247 ], [ -99.788907681068864, 29.199382756029795 ], [ -99.788916552545302, 29.199383793820548 ], [ -99.789081152545307, 29.199410393840559 ], [ -99.789089855006068, 29.199412195455338 ], [ -99.789098309104475, 29.19941474354043 ], [ -99.789106191266342, 29.199417916322975 ], [ -99.789153113123774, 29.199192293268702 ], [ -99.789155126357485, 29.199184752666199 ], [ -99.789157981662854, 29.199177422131875 ], [ -99.789161651202988, 29.199170373132436 ], [ -99.78916609920293, 29.199163674389887 ], [ -99.789171282298327, 29.199157391211486 ], [ -99.78917714995832, 29.199151584853123 ], [ -99.789183644978053, 29.199146311922071 ], [ -99.789190704036443, 29.199141623825149 ], [ -99.789198258313505, 29.199137566267513 ], [ -99.789206234161298, 29.199134178807064 ], [ -99.789214553821878, 29.199131494468816 ], [ -99.789223136185427, 29.199129539422895 ], [ -99.789231897581004, 29.199128332729451 ], [ -99.789240752592221, 29.199127886152755 ], [ -99.789249614890039, 29.199128204046566 ], [ -99.789258398074395, 29.199129283311688 ], [ -99.789385772565012, 29.199150579062767 ], [ -99.789394049902441, 29.199151958620039 ], [ -99.789484550738948, 29.19916575206932 ], [ -99.789485206461265, 29.199165854197751 ], [ -99.789489606461274, 29.199166554198271 ], [ -99.789498198733767, 29.199168305645927 ], [ -99.789506552724191, 29.199170784463956 ], [ -99.789514587837104, 29.199173966737817 ], [ -99.789522226553402, 29.19917782176633 ], [ -99.789529395178235, 29.199182312357866 ], [ -99.789536024552021, 29.199187395189181 ], [ -99.789542050717614, 29.199193021223362 ], [ -99.789547415537299, 29.199199136182934 ], [ -99.78955206725378, 29.199205681073472 ], [ -99.789555960989418, 29.199212592752811 ], [ -99.78955905917924, 29.199219804540174 ], [ -99.789561331933314, 29.199227246859472 ], [ -99.7895627573252, 29.199234847910589 ], [ -99.78956332160331, 29.199242534362035 ], [ -99.789563019323779, 29.199250232058457 ], [ -99.789561853402859, 29.199257866735994 ], [ -99.789487953402855, 29.199609066687461 ], [ -99.789485978087058, 29.199616433666911 ], [ -99.789483198627082, 29.199623600176356 ], [ -99.789479640898492, 29.199630499498603 ], [ -99.789477106714614, 29.19963436767398 ] ] ] } },
{ "type": "Feature", "properties": { "name": "school_147", "category": "school" }, "geometry": { "type": "Polygon", "coordinates": [ [ [ -99.788145170870976, 29.199763204714717 ], [ -99.78813657379861, 29.199761486209688 ], [ -99.788128211210946, 29.199759040079584 ], [ -99.788120163716442, 29.199755889903038 ], [ -99.788112508886385, 29.199752066045122 ], [ -99.788105320507086, 29.199747605364617 ], [ -99.788098667868624, 29.199742550858751 ], [ -99.788092615097, 29.199736951248756 ], [ -99.788087220535971, 29.199730860510186 ], [ -99.788082536184689, 29.199724337352706 ], [ -99.788078607196468, 29.199717444654148 ], [ -99.788075471443562, 29.199710248854412 ], [ -99.788073159152049, 29.199702819315061 ], [ -99.788071692610515, 29.199695227650732 ], [ -99.788071085955252, 29.199687547038842 ], [ -99.78807134503387, 29.199679851514187 ], [ -99.788072467349124, 29.199672215255326 ], [ -99.788095767349134, 29.199558315240008 ], [ -99.788097738085554, 29.199550824220065 ], [ -99.788100539466242, 29.199543537597162 ], [ -99.788104144578156, 29.199536525374334 ], [ -99.7881085187868, 29.199529854918445 ], [ -99.788113620068899, 29.199523590312996 ], [ -99.788119399416203, 29.199517791742462 ], [ -99.78812580130618, 29.199512514914115 ], [ -99.788132764235513, 29.199507810522796 ], [ -99.788140221311025, 29.199503723763936 ], [ -99.788148100892144, 29.199500293899327 ], [ -99.788156327279339, 29.199497553879915 ], [ -99.788164821441242, 29.199495530029274 ], [ -99.788173501774011, 29.199494241790696 ], [ -99.788182284885195, 29.199493701540387 ], [ -99.788191086395003, 29.199493914468569 ], [ -99.788199821746844, 29.199494878529613 ], [ -99.788755121746831, 29.19958047859409 ], [ -99.788763756879405, 29.199582196717241 ], [ -99.788772156229285, 29.199584648750754 ], [ -99.788780238152739, 29.199587810860219 ], [ -99.788787924091494, 29.199591652309095 ], [ -99.788795139336401, 29.199596135757506 ], [ -99.788801813753537, 29.199601217625176 ], [ -99.788807882465932, 29.199606848515018 ], [ -99.78881328648427, 29.199612973693352 ], [ -99.788817973280175, 29.199619533621892 ], [ -99.788821897296842, 29.199626464536461 ], [ -99.788825020391926, 29.199633699066826 ], [ -99.788827312208142, 29.199641166891549 ], [ -99.788828750468497, 29.199648795421542 ], [ -99.788829321192765, 29.199656510505619 ], [ -99.788829018833368, 29.199664237151275 ], [ -99.788827846329298, 29.199671900253673 ], [ -99.788825146329287, 29.199684700251904 ], [ -99.788825100014805, 29.199684918088458 ], [ -99.788822839929736, 29.199695465150779 ], [ -99.788805367153287, 29.199785410226777 ], [ -99.788803456719748, 29.199792962985601 ], [ -99.788800703191086, 29.199800314710881 ], [ -99.788797133356809, 29.199807393876732 ], [ -99.788792781948288, 29.199814131609042 ], [ -99.788787691300968, 29.199820462355564 ], [ -99.78878191094249, 29.199826324523681 ], [ -99.78877549711072, 29.199831661079628 ], [ -99.788768512206715, 29.199836420103424 ], [ -99.788761024187565, 29.199840555293953 ], [ -99.788753105905258, 29.199844026419445 ], [ -99.788744834397818, 29.199846799708936 ], [ -99.788736290139866, 29.199848848180757 ], [ -99.788727556259687, 29.199850151905085 ], [ -99.788718717730376, 29.199850698197846 ], [ -99.788709860543207, 29.199850481744082 ], [ -99.788701070870971, 29.199849504649716 ], [ -99.788145170870976, 29.199763204714717 ] ] ] } },
{ "type": "Feature", "properties": { "name": "school_149", "category": "school" }, "geometry": { "type": "Polygon", "coordinates": [ [ [ -99.788097356780298, 29.200006633216709 ], [ -99.788088758290982, 29.200004931149252 ], [ -99.788080392360158, 29.200002501485955 ], [ -99.788072339577411, 29.199999367631861 ], [ -99.788064677515635, 29.199995559775495 ], [ -99.788057479983891, 29.199991114598099 ], [ -99.788050816316499, 29.199986074920254 ], [ -99.788044750704927, 29.199980489289402 ], [ -99.788039341579605, 29.199974411512159 ], [ -99.788034641046906, 29.199967900136045 ], [ -99.788030694387402, 29.199961017885443 ], [ -99.788027539619463, 29.199953831057428 ], [ -99.788025207133174, 29.19994640888309 ], [ -99.788023719397486, 29.199938822860634 ], [ -99.788023090743863, 29.199931146066628 ], [ -99.788023327228203, 29.199923452452079 ], [ -99.788024426572363, 29.199915816130048 ], [ -99.788035225362378, 29.199862222128136 ], [ -99.788047524160859, 29.199801128088613 ], [ -99.788049472948927, 29.199793627018224 ], [ -99.788052254208566, 29.199786328689218 ], [ -99.788055841181475, 29.19977930331844 ], [ -99.788060199357602, 29.199772618496628 ], [ -99.788065286807182, 29.199766338538112 ], [ -99.788071054584151, 29.199760523862089 ], [ -99.788077447197111, 29.199755230411295 ], [ -99.788084403143102, 29.199750509113787 ], [ -99.788091855499346, 29.199746405392961 ], [ -99.788099732567218, 29.199742958730557 ], [ -99.788107958561881, 29.199740202286762 ], [ -99.788116454341548, 29.19973816258123 ], [ -99.788125138168823, 29.199736859237881 ], [ -99.788133926497139, 29.199736304796133 ], [ -99.78814273477451, 29.199736504590245 ], [ -99.788151478256992, 29.199737456698017 ], [ -99.788664278257002, 29.199815756757005 ], [ -99.788672927369333, 29.199817465276926 ], [ -99.788681341364452, 29.19981990987047 ], [ -99.788689438249307, 29.199823066715421 ], [ -99.788697139121169, 29.199826905048788 ], [ -99.788704368936251, 29.199831387466581 ], [ -99.788711057241258, 29.199836470288275 ], [ -99.788717138859738, 29.199842103982551 ], [ -99.788722554527297, 29.199848233649895 ], [ -99.788727251469183, 29.199854799557617 ], [ -99.788731183914479, 29.199861737721967 ], [ -99.788734313542136, 29.199868980531608 ], [ -99.788736609854439, 29.1998764574065 ], [ -99.788738050474237, 29.199884095485686 ], [ -99.788738621362896, 29.199891820337321 ], [ -99.788738316957222, 29.199899556683985 ], [ -99.788737140223589, 29.199907229136286 ], [ -99.788734551956111, 29.199919473630615 ], [ -99.788732073787429, 29.199931292587429 ], [ -99.788714675765277, 29.200021165787238 ], [ -99.788712772556082, 29.200028712263702 ], [ -99.788710027726992, 29.200036058587578 ], [ -99.788706467931235, 29.20004313342362 ], [ -99.788702127735618, 29.200049868072846 ], [ -99.788697049284906, 29.200056197139585 ], [ -99.788691281892596, 29.200062059166541 ], [ -99.788684881562006, 29.200067397231543 ], [ -99.78867791044253, 29.200072159500237 ], [ -99.788670436226099, 29.200076299729474 ], [ -99.788662531489905, 29.20007977771629 ], [ -99.788654272991565, 29.200082559688344 ], [ -99.78864574092394, 29.200084618631781 ], [ -99.788637018136285, 29.200085934553623 ], [ -99.788628189329827, 29.20008649467584 ], [ -99.788619340235272, 29.200086293559465 ], [ -99.788610556780313, 29.200085333157425 ], [ -99.788097356780298, 29.200006633216709 ] ] ] } },
{ "type": "Feature", "properties": { "name": "school_376", "category": "school" }, "geometry": { "type": "Polygon", "coordinates": [ [ [ -99.79327794165566, 29.216628862361713 ], [ -99.793273952441922, 29.216630178122521 ], [ -99.793239352441915, 29.216640778114876 ], [ -99.793238308249585, 29.216641091733369 ], [ -99.792919799723066, 29.216734847320765 ], [ -99.792925368312424, 29.216748914281808 ], [ -99.79293249254178, 29.216752333846735 ], [ -99.792939751828882, 29.216756675960479 ], [ -99.792946489478979, 29.216761617183575 ], [ -99.792952640828005, 29.216767110092963 ], [ -99.792958146838942, 29.216773101970837 ], [ -99.792962954668326, 29.216779535310586 ], [ -99.792967018173428, 29.216786348368689 ], [ -99.792970298355073, 29.216793475757356 ], [ -99.792993398355094, 29.216851775771943 ], [ -99.792995863358499, 29.216859147720339 ], [ -99.792997490204925, 29.216866694779092 ], [ -99.792998263286563, 29.216874344542315 ], [ -99.792998175186497, 29.21688202361878 ], [ -99.792997226749961, 29.216889658336051 ], [ -99.792995427076178, 29.216897175447279 ], [ -99.792992793431097, 29.216904502833959 ], [ -99.792989351081658, 29.216911570197766 ], [ -99.792985133053506, 29.216918309735064 ], [ -99.792980179814052, 29.216924656787342 ], [ -99.792974538884266, 29.216930550461576 ], [ -99.792968264382807, 29.216935934214405 ], [ -99.792961416506685, 29.216940756394642 ], [ -99.792954060953889, 29.216944970738751 ], [ -99.792946268293008, 29.216948536814741 ], [ -99.792938113286183, 29.21695142041003 ], [ -99.792786513286174, 29.216997620376652 ], [ -99.79277806040912, 29.216999796737749 ], [ -99.792769403867581, 29.217001239721561 ], [ -99.792760626978961, 29.217001935439725 ], [ -99.79275181421896, 29.217001877196097 ], [ -99.792743050408518, 29.217001065551283 ], [ -99.792734419897471, 29.216999508317151 ], [ -99.792726005752669, 29.216997220481733 ], [ -99.792717888958492, 29.216994224064912 ], [ -99.792710147637337, 29.216990547906491 ], [ -99.79270285629778, 29.216986227388666 ], [ -99.79269608511747, 29.21698130409542 ], [ -99.792689899267543, 29.216975825412341 ], [ -99.792684358285541, 29.216969844070494 ], [ -99.792679515502229, 29.216963417638958 ], [ -99.792675417528358, 29.216956607970701 ], [ -99.792672103806055, 29.216949480607269 ], [ -99.792648303806075, 29.216890080622267 ], [ -99.792645807491482, 29.216882708693994 ], [ -99.792644150330801, 29.216875158838782 ], [ -99.792643348254529, 29.216867503634312 ], [ -99.79264340897312, 29.216859816671004 ], [ -99.792644331902892, 29.216852171844629 ], [ -99.792646108171581, 29.216844642645874 ], [ -99.792648720703724, 29.216837301453914 ], [ -99.792649963611112, 29.216834730235313 ], [ -99.792559488301478, 29.216608541964469 ], [ -99.792556994532774, 29.216601162127144 ], [ -99.792555341557943, 29.216593604490075 ], [ -99.792554545295928, 29.216585941836936 ], [ -99.79255461341512, 29.216578247962769 ], [ -99.792555545259503, 29.21657059696329 ], [ -99.792557331854951, 29.216563062521359 ], [ -99.792559955995699, 29.21655571719732 ], [ -99.792563392410003, 29.216548631730248 ], [ -99.792567608003537, 29.216541874356675 ], [ -99.792572562178066, 29.216535510153456 ], [ -99.792578207222519, 29.216529600411 ], [ -99.792584488772391, 29.216524202043104 ], [ -99.79259134633331, 29.216519367038725 ], [ -99.792598713863654, 29.216515141961381 ], [ -99.79260652041053, 29.216511567500675 ], [ -99.792614690793116, 29.216508678080483 ], [ -99.793250390793119, 29.216314977940531 ], [ -99.79325877851538, 29.216312815747774 ], [ -99.793267367392033, 29.216311375691134 ], [ -99.793276076010727, 29.216310671420658 ], [ -99.793284821824173, 29.216310709611992 ], [ -99.793293521932469, 29.216311489903148 ], [ -99.793302093868959, 29.216313004897867 ], [ -99.793310456381931, 29.216315240235772 ], [ -99.793318530204715, 29.216318174728482 ], [ -99.793326238807083, 29.216321780560449 ], [ -99.7933335091207, 29.216326023552615 ], [ -99.79334027223166, 29.216330863486391 ], [ -99.793346464033718, 29.216336254484904 ], [ -99.793352025835986, 29.216342145447832 ], [ -99.793356904919207, 29.216348480535778 ], [ -99.793361055035476, 29.216355199699596 ], [ -99.793364436846659, 29.216362239249555 ], [ -99.793387236846669, 29.216417039263867 ], [ -99.793397055851244, 29.216440684991916 ], [ -99.793397926705197, 29.216442883419294 ], [ -99.793419426705199, 29.216499883432942 ], [ -99.793421809648692, 29.216507459921623 ], [ -99.793423311815374, 29.216515206521354 ], [ -99.793423918120567, 29.216523045441036 ], [ -99.793423622475771, 29.216530897962546 ], [ -99.793422427849833, 29.216538685231178 ], [ -99.793420346239131, 29.21654632904751 ], [ -99.793417398547135, 29.216553752652704 ], [ -99.793413614374444, 29.216560881499248 ], [ -99.793409031721566, 29.21656764399961 ], [ -99.793403696607328, 29.216573972245136 ], [ -99.793397662606722, 29.216579802687907 ], [ -99.793390990312957, 29.216585076778937 ], [ -99.793383746728935, 29.216589741556103 ], [ -99.793376004594421, 29.216593750175999 ], [ -99.793367841655652, 29.216597062384277 ], [ -99.79327794165566, 29.216628862361713 ] ] ] } },
{ "type": "Feature", "properties": { "name": "school_377", "category": "school" }, "geometry": { "type": "Polygon", "coordinates": [ [ [ -99.793440118931343, 29.216560164380123 ], [ -99.793445047108307, 29.216563741348104 ], [ -99.793451220306551, 29.216569195916847 ], [ -99.7934567535805, 29.216575150642306 ], [ -99.793461594018311, 29.216581548582429 ], [ -99.793465695333381, 29.216588328556956 ], [ -99.793469018306979, 29.216595425732425 ], [ -99.793485018306995, 29.216635025742509 ], [ -99.793487532181217, 29.216642375861838 ], [ -99.793489211090503, 29.216649905203486 ], [ -99.793490038964691, 29.216657541698407 ], [ -99.793490007879612, 29.216665212251957 ], [ -99.793489118132783, 29.216672843443462 ], [ -99.793487378240627, 29.21668036222907 ], [ -99.793484804857002, 29.216687696640836 ], [ -99.793481422613667, 29.216694776475627 ], [ -99.793477263884668, 29.216701533967072 ], [ -99.793472368476287, 29.216707904434184 ], [ -99.793466783246188, 29.216713826900509 ], [ -99.793460561654825, 29.216719244677737 ], [ -99.793453763253723, 29.216724105908316 ], [ -99.793446453115521, 29.216728364061826 ], [ -99.793438701211059, 29.216731978380352 ], [ -99.793430581739642, 29.216734914268585 ], [ -99.793378851119513, 29.216751080076982 ], [ -99.793384742749595, 29.216765395275871 ], [ -99.793387319403735, 29.216772780100268 ], [ -99.793389051472772, 29.216780350283333 ], [ -99.793389922164977, 29.216788032435371 ], [ -99.793389923039399, 29.216795752081211 ], [ -99.793389054087555, 29.216803434382207 ], [ -99.79338732373354, 29.216811004861757 ], [ -99.793384748752416, 29.216818390127361 ], [ -99.79338135410751, 29.216825518582105 ], [ -99.79337717270846, 29.21683232111873 ], [ -99.793372245092101, 29.216838731789654 ], [ -99.793366619029584, 29.216844688446248 ], [ -99.793360349063136, 29.216850133341385 ], [ -99.793353495977385, 29.21685501368923 ], [ -99.793346126210068, 29.216859282176991 ], [ -99.793338311207904, 29.216862897423589 ], [ -99.793330126733991, 29.216865824380854 ], [ -99.79325132673398, 29.216890124363314 ], [ -99.793242875143662, 29.216892329713577 ], [ -99.793234216473792, 29.216893800963838 ], [ -99.793225434217803, 29.21689452392723 ], [ -99.793216613060835, 29.216894491632416 ], [ -99.793207838063154, 29.216893704390806 ], [ -99.793199193839911, 29.216892169793553 ], [ -99.793190763745258, 29.216889902638368 ], [ -99.793182629068497, 29.216886924786841 ], [ -99.793174868250375, 29.216883264953601 ], [ -99.793167556126562, 29.216878958429451 ], [ -99.793160763206046, 29.216874046741076 ], [ -99.793154554991318, 29.216868577250601 ], [ -99.793148991346683, 29.216862602698896 ], [ -99.793144125921032, 29.216856180697036 ], [ -99.793140005630406, 29.216849373170724 ], [ -99.793136670205811, 29.21684224576321 ], [ -99.793124473165022, 29.216812021072286 ], [ -99.793123029178915, 29.216811889879665 ], [ -99.793114398667541, 29.216810348614814 ], [ -99.793105982622237, 29.21680807697221 ], [ -99.793097861977941, 29.216805096797621 ], [ -99.793090114828757, 29.216801436750529 ], [ -99.793082815676968, 29.216797132028599 ], [ -99.793076034716634, 29.216792224029113 ], [ -99.793069837158484, 29.216786759950956 ], [ -99.793064282602785, 29.216780792340639 ], [ -99.793059424466279, 29.21677437858704 ], [ -99.793055309468357, 29.216767580369481 ], [ -99.793051977181918, 29.216760463064553 ], [ -99.793039377181913, 29.216729263072487 ], [ -99.793036856539089, 29.216721884051953 ], [ -99.793035177380588, 29.216714324818685 ], [ -99.793034355902378, 29.216706658283282 ], [ -99.793034400027722, 29.216698958391326 ], [ -99.793035309331088, 29.21669129941013 ], [ -99.79303707504198, 29.216683755212458 ], [ -99.793039680129738, 29.216676398563958 ], [ -99.793039695883522, 29.216676365860923 ], [ -99.793038373766151, 29.216670402793806 ], [ -99.793037555300302, 29.216662746363358 ], [ -99.793037600127619, 29.216655056780279 ], [ -99.793038507816874, 29.216647408013984 ], [ -99.793040269636606, 29.216639873641306 ], [ -99.79304286863912, 29.216632526138664 ], [ -99.793046279823471, 29.216625436184923 ], [ -99.793050470376016, 29.216618671981475 ], [ -99.793055399986002, 29.2166122985962 ], [ -99.79306102123337, 29.216606377337531 ], [ -99.793067280044923, 29.216600965164698 ], [ -99.793074116214427, 29.216596114139826 ], [ -99.793081463981807, 29.216591870927104 ], [ -99.793089252665695, 29.216588276343913 ], [ -99.79309740734341, 29.216585364968182 ], [ -99.793120730201352, 29.216578181961641 ], [ -99.793120690381926, 29.216578003710055 ], [ -99.793119859654382, 29.216570331676461 ], [ -99.793119895893113, 29.21656262552338 ], [ -99.793120798747992, 29.21655495969862 ], [ -99.793122559496709, 29.216547408260446 ], [ -99.79312516112897, 29.216540044162048 ], [ -99.793128578510803, 29.216532938546795 ], [ -99.793132778627509, 29.21652616006088 ], [ -99.793137720902479, 29.216519774190168 ], [ -99.793143357589202, 29.216513842627563 ], [ -99.793149634232606, 29.216508422676963 ], [ -99.793156490195145, 29.216503566699679 ], [ -99.793163859242469, 29.21649932160857 ], [ -99.793171670183497, 29.216495728414817 ], [ -99.793179847558051, 29.216492821831714 ], [ -99.793214447558071, 29.216482221824048 ], [ -99.793222892513754, 29.216480034159858 ], [ -99.793231542366868, 29.216478578923255 ], [ -99.79324031393854, 29.216477870108132 ], [ -99.793249122879459, 29.216477914530632 ], [ -99.79325788448088, 29.216478711763578 ], [ -99.793266514489332, 29.216480254140588 ], [ -99.793274929916777, 29.216482526829797 ], [ -99.793283049838664, 29.216485507976479 ], [ -99.793290796172002, 29.21648916891321 ], [ -99.79329809442639, 29.216493474435559 ], [ -99.793304874420187, 29.21649838314061 ], [ -99.793311070955554, 29.216503847825091 ], [ -99.793316624445183, 29.216509815939329 ], [ -99.793321481485549, 29.216516230092537 ], [ -99.793321603270243, 29.216516431351167 ], [ -99.793326800016644, 29.216514836425397 ], [ -99.793335243718275, 29.216512644595021 ], [ -99.793343892793928, 29.216511185118101 ], [ -99.793352664069232, 29.21651047202981 ], [ -99.793361473194651, 29.216510512187622 ], [ -99.793370235456692, 29.216511305205337 ], [ -99.793378866592491, 29.216512843456876 ], [ -99.793387283600239, 29.21651511214948 ], [ -99.793395405537211, 29.216518089466089 ], [ -99.793403154298318, 29.21652174677509 ], [ -99.793410455367109, 29.21652604890566 ], [ -99.793417238532399, 29.216530954486032 ], [ -99.793423438563451, 29.216536416341306 ], [ -99.793428995837289, 29.216542381947097 ], [ -99.793433856912031, 29.216548793934738 ], [ -99.79343797504086, 29.216555590642837 ], [ -99.793440118931343, 29.216560164380123 ] ] ] } },
{ "type": "Feature", "properties": { "name": "school_389", "category": "school" }, "geometry": { "type": "Polygon", "coordinates": [ [ [ -99.793983355083924, 29.216777219933554 ], [ -99.793953284221786, 29.216786997568811 ], [ -99.793861506990382, 29.216817323936599 ], [ -99.793852977038128, 29.216819725263111 ], [ -99.793844215374079, 29.216821372780945 ], [ -99.793835309216377, 29.216822250089891 ], [ -99.793826347221611, 29.216822348456766 ], [ -99.79381741860216, 29.216821666902398 ], [ -99.793808612238152, 29.216820212211307 ], [ -99.793800015792783, 29.216817998864215 ], [ -99.793791714839557, 29.216815048893896 ], [ -99.793783792010473, 29.216811391665839 ], [ -99.793776326173557, 29.216807063585918 ], [ -99.793769391647658, 29.216802107738037 ], [ -99.793763057462684, 29.216796573455209 ], [ -99.793757386672382, 29.216790515828496 ], [ -99.793752435726802, 29.216783995158593 ], [ -99.793748253910238, 29.216777076355584 ], [ -99.793744882850689, 29.216769828292779 ], [ -99.79364980822497, 29.216532000843507 ], [ -99.793431511050471, 29.216598521346317 ], [ -99.793422985920245, 29.216600712762737 ], [ -99.793414254411644, 29.216602158247362 ], [ -99.793405401984302, 29.216602843652517 ], [ -99.793396515281316, 29.216602762269847 ], [ -99.793387681281246, 29.216601914895868 ], [ -99.793378986446811, 29.216600309824237 ], [ -99.793370515878664, 29.216597962764549 ], [ -99.793362352482447, 29.21659489668858 ], [ -99.793354576157398, 29.216591141605477 ], [ -99.793347263014212, 29.216586734268027 ], [ -99.793340484630264, 29.216581717812936 ], [ -99.793334307348957, 29.21657614133866 ], [ -99.793328791630415, 29.216570059424829 ], [ -99.793323991459687, 29.216563531598041 ], [ -99.79331995381844, 29.216556621749316 ], [ -99.793316718225029, 29.216549397508675 ], [ -99.793287868406281, 29.216474210157184 ], [ -99.793278444150587, 29.216451515016693 ], [ -99.793278300484175, 29.216451166476652 ], [ -99.793240700484176, 29.216359266500312 ], [ -99.793238137256608, 29.216351868920835 ], [ -99.793236420956219, 29.216344287027045 ], [ -99.793235568259689, 29.216336594489274 ], [ -99.793235587452344, 29.216328866052983 ], [ -99.79323647834768, 29.216321176812439 ], [ -99.793238232289241, 29.216313601481087 ], [ -99.793240832234588, 29.216306213665575 ], [ -99.793244252921056, 29.216299085150535 ], [ -99.793248461111176, 29.216292285201099 ], [ -99.79325341591553, 29.216285879889863 ], [ -99.793259069190171, 29.216279931454874 ], [ -99.793265366004391, 29.216274497694904 ], [ -99.793272245174464, 29.216269631407805 ], [ -99.793279639858071, 29.216265379877537 ], [ -99.793287478203894, 29.216261784414662 ], [ -99.793295684049724, 29.216258879955006 ], [ -99.79381638404972, 29.216100179840343 ], [ -99.793824839870098, 29.216098002589149 ], [ -99.793833499495818, 29.216096559239109 ], [ -99.793842279521058, 29.216095863691997 ], [ -99.793851095380347, 29.216095922647039 ], [ -99.793859862163131, 29.216096735536397 ], [ -99.793868495431454, 29.21609829453066 ], [ -99.793876912033397, 29.216100584614221 ], [ -99.793885030903837, 29.216103583729918 ], [ -99.793892773845286, 29.216107262991507 ], [ -99.793900066281026, 29.216111586961819 ], [ -99.793906837973424, 29.216116513994155 ], [ -99.793913023700469, 29.216121996633355 ], [ -99.793918563883835, 29.216127982072901 ], [ -99.793923405162872, 29.2161344126635 ], [ -99.793927500908424, 29.216141226468384 ], [ -99.793930811672027, 29.216148357859812 ], [ -99.794132211672022, 29.216651857986829 ], [ -99.794134750256063, 29.216659399978813 ], [ -99.794136410789591, 29.216667125923276 ], [ -99.794137176580762, 29.216674958158471 ], [ -99.794137039931798, 29.21668281795424 ], [ -99.79413600221632, 29.216690626303397 ], [ -99.794134073865521, 29.216698304715909 ], [ -99.794131274263293, 29.216705776007927 ], [ -99.794127631551419, 29.216712965077569 ], [ -99.794123182346709, 29.216719799659899 ], [ -99.794117971372827, 29.216726211053334 ], [ -99.794112051010842, 29.216732134810201 ], [ -99.794105480772629, 29.216737511384583 ], [ -99.794098326702667, 29.216742286730899 ], [ -99.794090660714105, 29.216746412847147 ], [ -99.794082559865998, 29.216749848257397 ], [ -99.794074105588592, 29.216752558428759 ], [ -99.793983355083924, 29.216777219933554 ] ] ] } },
{ "type": "Feature", "properties": { "name": "school_391", "category": "school" }, "geometry": { "type": "Polygon", "coordinates": [ [ [ -99.793901018532452, 29.217247716023557 ], [ -99.79389261240874, 29.217250032575684 ], [ -99.793883986611021, 29.217251618891869 ], [ -99.793875224202139, 29.217252459696574 ], [ -99.793866409560437, 29.217252546893217 ], [ -99.793857627567263, 29.217251879642145 ], [ -99.793848962789568, 29.217250464368675 ], [ -99.793840498665531, 29.21724831470129 ], [ -99.79383231670117, 29.217245451340339 ], [ -99.793824495685385, 29.217241901858742 ], [ -99.793817110931329, 29.217237700436456 ], [ -99.793810233551085, 29.21723288753136 ], [ -99.793803929770988, 29.21722750948965 ], [ -99.793798260293798, 29.217221618099529 ], [ -99.793793279714251, 29.217215270092577 ], [ -99.793789035993242, 29.217208526597357 ], [ -99.793785569996032, 29.217201452550867 ], [ -99.793717269996037, 29.217040652593642 ], [ -99.79371463692506, 29.217033388495341 ], [ -99.793712824131347, 29.217025935638439 ], [ -99.793711848733693, 29.217018364402737 ], [ -99.793711719943119, 29.217010746285954 ], [ -99.793712438975845, 29.217003153228511 ], [ -99.793713999041785, 29.216995656934234 ], [ -99.7937163854087, 29.216988328193175 ], [ -99.79371957554136, 29.216981236213147 ], [ -99.793723539314243, 29.216974447966155 ], [ -99.793728239296129, 29.216968027555975 ], [ -99.793733631103478, 29.21696203561277 ], [ -99.793739663819665, 29.216956528720551 ], [ -99.793746280475716, 29.216951558882858 ], [ -99.793753418588324, 29.216947173031592 ], [ -99.793761010749861, 29.216943412583912 ], [ -99.793768985265018, 29.216940313051076 ], [ -99.793985285265023, 29.21686701299878 ], [ -99.79398678293478, 29.216866518825586 ], [ -99.794019482934772, 29.216856018818046 ], [ -99.794027787250016, 29.216853744403512 ], [ -99.794036304776341, 29.216852182067353 ], [ -99.794044955557268, 29.216851346475689 ], [ -99.794053658385465, 29.21685124547248 ], [ -99.794062331565016, 29.216851880005887 ], [ -99.794070893678253, 29.216853244119328 ], [ -99.794079264350231, 29.216855325007469 ], [ -99.794087365003023, 29.216858103136371 ], [ -99.794095119593536, 29.216861552426884 ], [ -99.794102455327163, 29.216865640499474 ], [ -99.794109303341287, 29.21687032897816 ], [ -99.79411559935167, 29.216875573850768 ], [ -99.794121284255837, 29.21688132588211 ], [ -99.794126304687978, 29.216887531076136 ], [ -99.794130613519883, 29.216894131182848 ], [ -99.794134170303266, 29.216901064245086 ], [ -99.794206970303264, 29.217063664290375 ], [ -99.794209798813242, 29.217071042433567 ], [ -99.794211775545975, 29.217078628920522 ], [ -99.794212881036003, 29.217086349045005 ], [ -99.794213104397315, 29.217094126784854 ], [ -99.794212443430396, 29.21710188555053 ], [ -99.794210904643947, 29.217109548939394 ], [ -99.794208503190845, 29.217117041488009 ], [ -99.794205262718833, 29.217124289415256 ], [ -99.794201215137718, 29.217131221348904 ], [ -99.79419640030514, 29.217137769028362 ], [ -99.794190865634022, 29.217143867976976 ], [ -99.794184665625821, 29.217149458136817 ], [ -99.794177861333679, 29.217154484460149 ], [ -99.794170519761266, 29.217158897451483 ], [ -99.794162713203093, 29.217162653654999 ], [ -99.794154518532437, 29.217165716082402 ], [ -99.793901018532452, 29.217247716023557 ] ] ] } },
{ "type": "Feature", "properties": { "name": "school_623", "category": "school" }, "geometry": { "type": "Polygon", "coordinates": [ [ [ -99.739538511585124, 29.22239955966873 ], [ -99.739529991385183, 29.222401545607276 ], [ -99.739521289119196, 29.2224027928727 ], [ -99.739512488655379, 29.222403289444475 ], [ -99.73950367480839, 29.222403030536899 ], [ -99.739494932521808, 29.222402018645202 ], [ -99.73948634604956, 29.222400263521461 ], [ -99.739477998143968, 29.222397782080709 ], [ -99.739469969258082, 29.222394598237784 ], [ -99.739462336770444, 29.222390742676996 ], [ -99.739455174239268, 29.222386252556298 ], [ -99.739454820306449, 29.222385981028502 ], [ -99.739449699898628, 29.222391068177291 ], [ -99.739443261117401, 29.2223963226146 ], [ -99.739436263241672, 29.22240100099517 ], [ -99.739428773656925, 29.222405058269011 ], [ -99.739420864483407, 29.222408455367049 ], [ -99.73941261188186, 29.222411159577295 ], [ -99.739202901496768, 29.222469805022296 ], [ -99.73920076696831, 29.222473026627167 ], [ -99.739195629158033, 29.222479275526936 ], [ -99.739189814479857, 29.222485054996877 ], [ -99.739183378895916, 29.222490309413786 ], [ -99.739176384344077, 29.222494988207757 ], [ -99.739168898141955, 29.222499046348808 ], [ -99.739160992338839, 29.222502444780307 ], [ -99.739152743022487, 29.222505150794852 ], [ -99.73891524302249, 29.222571650746399 ], [ -99.738906726429974, 29.222573638893106 ], [ -99.738898027550732, 29.222574888905495 ], [ -99.738889230166563, 29.2225753887443 ], [ -99.738880419007998, 29.222575133595427 ], [ -99.738871678938196, 29.222574125916285 ], [ -99.738863094135695, 29.222572375412149 ], [ -99.738854747283554, 29.222569898942663 ], [ -99.738846718773075, 29.222566720359481 ], [ -99.738839085929499, 29.222562870276526 ], [ -99.738831922267281, 29.222558385775141 ], [ -99.738825296782011, 29.222553310046965 ], [ -99.738819273285969, 29.222547691977947 ], [ -99.738813909793393, 29.222541585677469 ], [ -99.73880925796189, 29.222535049957266 ], [ -99.738805362594789, 29.222528147764947 ], [ -99.738802261209642, 29.222520945577749 ], [ -99.738703761209635, 29.222252945640388 ], [ -99.738701483885961, 29.222245513652176 ], [ -99.738700052158194, 29.222237922650738 ], [ -99.738699479812666, 29.222230245731044 ], [ -99.73869977236059, 29.222222556815431 ], [ -99.73870092698499, 29.222214929941732 ], [ -99.738702932567776, 29.222207438550409 ], [ -99.738705769796852, 29.222200154777333 ], [ -99.738709411352104, 29.222193148759239 ], [ -99.73871382216835, 29.222186487958282 ], [ -99.738718959773152, 29.222180236512472 ], [ -99.738724774695655, 29.222174454618127 ], [ -99.738731210942973, 29.22216919795013 ], [ -99.738738206539438, 29.222164517125904 ], [ -99.73874569412331, 29.22216045721796 ], [ -99.738753601595377, 29.222157057319894 ], [ -99.738761852813283, 29.222154350169951 ], [ -99.738928409910812, 29.222107706225973 ], [ -99.738901066615526, 29.222033360395191 ], [ -99.738898787559847, 29.22202592856117 ], [ -99.738897354114471, 29.222018337560993 ], [ -99.738896780083039, 29.22201066049394 ], [ -99.738897070993346, 29.222002971288077 ], [ -99.738898224044007, 29.221995343988436 ], [ -99.738900228131442, 29.22198785204386 ], [ -99.738903063956826, 29.221980567599818 ], [ -99.738906704211928, 29.221973560803605 ], [ -99.738911113842079, 29.221966899128862 ], [ -99.738916250383681, 29.221960646725794 ], [ -99.738922064373241, 29.221954863803447 ], [ -99.738928499823615, 29.221949606049911 ], [ -99.738935494763112, 29.221944924096018 ], [ -99.738942981832338, 29.221940863027822 ], [ -99.738950888932848, 29.221937461952372 ], [ -99.738959139921363, 29.221934753621206 ], [ -99.738986202608288, 29.221927170834629 ], [ -99.738986524333953, 29.221925042590286 ], [ -99.738988529657121, 29.221917547371667 ], [ -99.738991367444996, 29.221910259883579 ], [ -99.73899501034613, 29.221903250365219 ], [ -99.738999423249041, 29.221896586376609 ], [ -99.739004563620782, 29.221890332147431 ], [ -99.739010381916842, 29.221884547958037 ], [ -99.73901682205863, 29.221879289558348 ], [ -99.739023821974001, 29.221874607630557 ], [ -99.739031314195586, 29.221870547300668 ], [ -99.739039226510954, 29.221867147703509 ], [ -99.739047482658705, 29.221864441605518 ], [ -99.739228382658681, 29.221813841568633 ], [ -99.73923690129601, 29.221811855383059 ], [ -99.739245602010442, 29.221810607620352 ], [ -99.739254400976066, 29.221810110301956 ], [ -99.739263213420429, 29.221810368219231 ], [ -99.739271954441108, 29.221811378887285 ], [ -99.739280539823966, 29.221813132568961 ], [ -99.739288886854183, 29.221815612368601 ], [ -99.7392969151134, 29.221818794394842 ], [ -99.739304547254378, 29.221822647990791 ], [ -99.739311709746275, 29.221827136029429 ], [ -99.739318333582958, 29.221832215271224 ], [ -99.739324354947939, 29.221837836780814 ], [ -99.739329715829186, 29.221843946398394 ], [ -99.739332136441959, 29.221847351197574 ], [ -99.73933969639188, 29.221845237751239 ], [ -99.739348214990557, 29.221843252835573 ], [ -99.739356915517376, 29.221842006298218 ], [ -99.739365714156094, 29.221841510147666 ], [ -99.739374526145298, 29.2218417691636 ], [ -99.739383266594984, 29.221842780850768 ], [ -99.739391851304262, 29.221844535463113 ], [ -99.739400197572621, 29.221847016097584 ], [ -99.739408224996581, 29.221850198857013 ], [ -99.739415856244136, 29.221854053080321 ], [ -99.739423017799965, 29.221858541637904 ], [ -99.739429640673421, 29.221863621289291 ], [ -99.739435661063254, 29.221869243099757 ], [ -99.739441020972237, 29.221875352911656 ], [ -99.739445668765825, 29.221881891866243 ], [ -99.739449559669694, 29.221888796970624 ], [ -99.739452656200925, 29.221896001704618 ], [ -99.739480182616987, 29.22197106011896 ], [ -99.739628346864507, 29.221929723717128 ], [ -99.73963686271675, 29.221927743954048 ], [ -99.739645559865579, 29.221926501955721 ], [ -99.739654354606571, 29.221926009675613 ], [ -99.739663162296125, 29.221926271851597 ], [ -99.739671898165938, 29.221927285960398 ], [ -99.739680478138951, 29.221929042241864 ], [ -99.739688819638516, 29.221931523792875 ], [ -99.739696842383125, 29.221934706730085 ], [ -99.739704469159108, 29.221938560419733 ], [ -99.73971162656369, 29.221943047772477 ], [ -99.739718245711529, 29.221948125600409 ], [ -99.739724262897667, 29.221953745032646 ], [ -99.739729620210539, 29.221959851985723 ], [ -99.739734266089556, 29.22196638768413 ], [ -99.739738155821115, 29.221973289225939 ], [ -99.739741251969122, 29.221980490188251 ], [ -99.739834451969116, 29.222234490247548 ], [ -99.739836725123084, 29.22224192288212 ], [ -99.739838152663779, 29.22224951416403 ], [ -99.739838720846308, 29.222257191001539 ], [ -99.739838424200002, 29.222264879479173 ], [ -99.739837265581102, 29.222272505569372 ], [ -99.739835256145156, 29.222279995845302 ], [ -99.73983241523986, 29.222287278187824 ], [ -99.739828770218466, 29.22229428247984 ], [ -99.739824356176584, 29.222300941281468 ], [ -99.739819215614332, 29.222307190479345 ], [ -99.739813398026925, 29.222312969903925 ], [ -99.739806959428307, 29.222318223908818 ], [ -99.739799961811713, 29.222322901906573 ], [ -99.739792472552807, 29.222326958855771 ], [ -99.739784563761006, 29.222330355694634 ], [ -99.739776311585103, 29.222333059717208 ], [ -99.739538511585124, 29.22239955966873 ] ] ] } },
{ "type": "Feature", "properties": { "name": "school_634", "category": "school" }, "geometry": { "type": "Polygon", "coordinates": [ [ [ -99.793047345850766, 29.217126998312413 ], [ -99.793050584719282, 29.217134094855442 ], [ -99.793064084719262, 29.217168494863973 ], [ -99.793066529535665, 29.217175890768811 ], [ -99.793068131597309, 29.217183460268522 ], [ -99.793068875461557, 29.217191130398799 ], [ -99.79306875395811, 29.217198827225371 ], [ -99.79306776825814, 29.217206476556619 ], [ -99.793065927863054, 29.217214004658818 ], [ -99.793063250512901, 29.217221338966741 ], [ -99.793059762015332, 29.217228408783267 ], [ -99.793055495996754, 29.217235145960753 ], [ -99.793050493578434, 29.217241485557956 ], [ -99.793044802979907, 29.217247366466037 ], [ -99.793038479054218, 29.217252731997551 ], [ -99.793031582759241, 29.217257530432914 ], [ -99.793024180570086, 29.217261715518909 ], [ -99.793016343838246, 29.21726524691454 ], [ -99.793008148103908, 29.2172680905799 ], [ -99.79296254810393, 29.217281690570061 ], [ -99.792954073579835, 29.217283818845249 ], [ -99.792945400797848, 29.217285211672049 ], [ -99.792936613333509, 29.217285855628479 ], [ -99.792927795867456, 29.217285744509045 ], [ -99.792919033369429, 29.217284879384568 ], [ -99.792914033861791, 29.217283945476787 ], [ -99.792911682325069, 29.217284650433704 ], [ -99.792903210968959, 29.217286790531478 ], [ -99.792894539998784, 29.217288195334941 ], [ -99.792885752986095, 29.217288851304488 ], [ -99.792876934620836, 29.217288752117874 ], [ -99.792868169895186, 29.217287898731055 ], [ -99.792859543284294, 29.217286299369011 ], [ -99.792851137932132, 29.217283969446509 ], [ -99.79284303485025, 29.217280931419488 ], [ -99.792835312136759, 29.217277214568647 ], [ -99.79282804422391, 29.217272854717226 ], [ -99.792821301160373, 29.217267893885769 ], [ -99.792815147936409, 29.217262379887107 ], [ -99.792809643857325, 29.217256365865531 ], [ -99.792804841971829, 29.217249909784595 ], [ -99.792800788560953, 29.217243073868495 ], [ -99.792797522691799, 29.217235924002289 ], [ -99.792719322691809, 29.217036824051679 ], [ -99.792716867369961, 29.217029397813235 ], [ -99.792715261783385, 29.21702179665812 ], [ -99.792714521536354, 29.217014094460009 ], [ -99.792714653823154, 29.217006366074529 ], [ -99.792715657358116, 29.216998686611912 ], [ -99.792717522388159, 29.216991130706891 ], [ -99.792720230787509, 29.216983771793391 ], [ -99.792723756233954, 29.216976681390868 ], [ -99.792728064464541, 29.216969928409181 ], [ -99.792733113608733, 29.216963578478889 ], [ -99.792738854595171, 29.216957693313415 ], [ -99.7927452316287, 29.216952330109265 ], [ -99.792752182732556, 29.21694754099013 ], [ -99.792759640350738, 29.216943372500292 ], [ -99.792767532004575, 29.216939865152327 ], [ -99.792775780997133, 29.216937053033323 ], [ -99.792916346293637, 29.216895980023278 ], [ -99.792953313098053, 29.216884810900485 ], [ -99.792953534563807, 29.216884744269084 ], [ -99.793296767146472, 29.216781914188889 ], [ -99.793330102381219, 29.216771490774626 ], [ -99.793331123247171, 29.21677117760774 ], [ -99.793468723247173, 29.216729777577786 ], [ -99.79347719965746, 29.216727627632913 ], [ -99.793485876906757, 29.216726214140934 ], [ -99.793494671211349, 29.216725550749917 ], [ -99.793503497657255, 29.216725643865299 ], [ -99.793512271020191, 29.216726492588002 ], [ -99.793520906588384, 29.216728088723102 ], [ -99.793529320980582, 29.216730416859004 ], [ -99.793537432951084, 29.216733454516167 ], [ -99.793545164174219, 29.216737172364251 ], [ -99.793552440000752, 29.216741534505278 ], [ -99.793559190178399, 29.216746498820225 ], [ -99.793565349530439, 29.216752017375761 ], [ -99.793570858584843, 29.21675803688705 ], [ -99.793575664148591, 29.21676449923222 ], [ -99.793579719821267, 29.216771342013626 ], [ -99.793582986443084, 29.216778499160302 ], [ -99.793619986443105, 29.216872799183673 ], [ -99.793622429393622, 29.216880190191482 ], [ -99.793624030723961, 29.216887754566276 ], [ -99.793624775019282, 29.216895419491234 ], [ -99.793624655114783, 29.216903111181576 ], [ -99.793623672164699, 29.21691075559492 ], [ -99.793621835631185, 29.216918279143979 ], [ -99.793619163193256, 29.216925609404981 ], [ -99.793615680576494, 29.216932675814807 ], [ -99.793611421305641, 29.216939410350239 ], [ -99.793606426381587, 29.216945748182802 ], [ -99.793600743886898, 29.216951628302809 ], [ -99.793594428522894, 29.216956994106621 ], [ -99.79358754108307, 29.216961793941589 ], [ -99.793580147867843, 29.216965981603202 ], [ -99.793572320046451, 29.21696951677994 ], [ -99.793564132971667, 29.216972365441247 ], [ -99.793047345850766, 29.217126998312413 ] ] ] } }
]
}
