{
"type": "FeatureCollection",
"name": "osm_pois",
"crs": { "type": "name", "properties": { "name": "urn:ogc:def:crs:OGC:1.3:CRS84" } },
"features": [
{ "type": "Feature", "properties": { "element": "node", "id": 4913201236, "amenity": null, "denomination": null, "ele": null, "gnis:feature_id": null, "name": null, "religion": null, "service_times": null, "addr:city": null, "addr:housenumber": null, "addr:postcode": null, "addr:state": null, "addr:street": null, "check_date:opening_hours": null, "fee": null, "opening_hours": null, "source": null, "tourism": "picnic_site", "website": null, "wheelchair": null, "brand": null, "brand:wikidata": null, "healthcare": null, "phone": null, "short_name": null, "beauty": null, "shop": null, "backrest": "yes", "smoking": "yes", "fax": null, "office": null, "check_date": null, "ref": null, "payment:cash": null, "payment:credit_cards": null, "payment:debit_cards": null, "payment:contactless": null, "addr:unit": null, "shoes": null, "clothes": null, "official_name": null, "leisure": null, "operator": null, "contact:facebook": null, "payment:apple_pay": null, "building": null, "grades": null, "name:en": null, "name:es": null, "old_name": null, "operator:type": null, "mascot": null, "wikidata": null, "wikipedia": null, "emergency": null, "dispensing": null, "drive_through": null, "bin": null, "shelter_type": null, "sport": null, "internet_access": null, "internet_access:fee": null, "government": null, "payment:app:walmart": null, "payment:google_pay": null, "payment:samsung_pay": null, "sensory_friendly:accommodation": null, "sensory_friendly:conditional": null, "education": null, "alt_name": null, "branch": null, "building:levels": null }, "geometry": { "type": "Point", "coordinates": [ -99.7922103, 29.1796026 ] } },
{ "type": "Feature", "properties": { "element": "node", "id": 4919586754, "amenity": null, "denomination": null, "ele": null, "gnis:feature_id": null, "name": null, "religion": null, "service_times": null, "addr:city": null, "addr:housenumber": null, "addr:postcode": null, "addr:state": null, "addr:street": null, "check_date:opening_hours": null, "fee": null, "opening_hours": null, "source": null, "tourism": "picnic_site", "website": null, "wheelchair": null, "brand": null, "brand:wikidata": null, "healthcare": null, "phone": null, "short_name": null, "beauty": null, "shop": null, "backrest": null, "smoking": "yes", "fax": null, "office": null, "check_date": null, "ref": null, "payment:cash": null, "payment:credit_cards": null, "payment:debit_cards": null, "payment:contactless": null, "addr:unit": null, "shoes": null, "clothes": null, "official_name": null, "leisure": null, "operator": null, "contact:facebook": null, "payment:apple_pay": null, "building": null, "grades": null, "name:en": null, "name:es": null, "old_name": null, "operator:type": null, "mascot": null, "wikidata": null, "wikipedia": null, "emergency": null, "dispensing": null, "drive_through": null, "bin": null, "shelter_type": null, "sport": null, "internet_access": null, "internet_access:fee": null, "government": null, "payment:app:walmart": null, "payment:google_pay": null, "payment:samsung_pay": null, "sensory_friendly:accommodation": null, "sensory_friendly:conditional": null, "education": null, "alt_name": null, "branch": null, "building:levels": null }, "geometry": { "type": "Point", "coordinates": [ -99.790677, 29.1843045 ] } },
{ "type": "Feature", "properties": { "element": "way", "id": 368999084, "amenity": null, "denomination": null, "ele": null, "gnis:feature_id": null, "name": "Uvalde County Fairplex", "religion": null, "service_times": null, "addr:city": null, "addr:housenumber": null, "addr:postcode": null, "addr:state": null, "addr:street": null, "check_date:opening_hours": null, "fee": null, "opening_hours": null, "source": null, "tourism": null, "website": "http://www.uvaldecountyfairplex.com/", "wheelchair": null, "brand": null, "brand:wikidata": null, "healthcare": null, "phone": "+1-830-591-9040", "short_name": null, "beauty": null, "shop": null, "backrest": null, "smoking": null, "fax": null, "office": null, "check_date": null, "ref": null, "payment:cash": null, "payment:credit_cards": null, "payment:debit_cards": null, "payment:contactless": null, "addr:unit": null, "shoes": null, "clothes": null, "official_name": null, "leisure": "sports_centre", "operator": null, "contact:facebook": null, "payment:apple_pay": null, "building": null, "grades": null, "name:en": null, "name:es": null, "old_name": null, "operator:type": null, "mascot": null, "wikidata": null, "wikipedia": null, "emergency": null, "dispensing": null, "drive_through": null, "bin": null, "shelter_type": null, "sport": null, "internet_access": null, "internet_access:fee": null, "government": null, "payment:app:walmart": null, "payment:google_pay": null, "payment:samsung_pay": null, "sensory_friendly:accommodation": null, "sensory_friendly:conditional": null, "education": null, "alt_name": null, "branch": null, "building:levels": null }, "geometry": { "type": "Polygon", "coordinates": [ [ [ -99.8248397, 29.1996237 ], [ -99.8249568, 29.1983273 ], [ -99.8234409, 29.1982197 ], [ -99.823749, 29.1946533 ], [ -99.8251847, 29.1940777 ], [ -99.8256099, 29.1948846 ], [ -99.8275818, 29.1950352 ], [ -99.8272059, 29.199785 ], [ -99.8248397, 29.1996237 ] ] ] } },
{ "type": "Feature", "properties": { "element": "way", "id": 1063473764, "amenity": null, "denomination": null, "ele": null, "gnis:feature_id": null, "name": "Hillcrest Memorial Funeral Home", "religion": null, "service_times": null, "addr:city": "Uvalde", "addr:housenumber": "424", "addr:postcode": "78801", "addr:state": "TX", "addr:street": "Geraldine Street", "check_date:opening_hours": null, "fee": null, "opening_hours": null, "source": null, "tourism": null, "website": null, "wheelchair": null, "brand": null, "brand:wikidata": null, "healthcare": null, "phone": null, "short_name": null, "beauty": null, "shop": "funeral_directors", "backrest": null, "smoking": null, "fax": null, "office": null, "check_date": null, "ref": null, "payment:cash": null, "payment:credit_cards": null, "payment:debit_cards": null, "payment:contactless": null, "addr:unit": null, "shoes": null, "clothes": null, "official_name": null, "leisure": null, "operator": null, "contact:facebook": null, "payment:apple_pay": null, "building": "yes", "grades": null, "name:en": null, "name:es": null, "old_name": null, "operator:type": null, "mascot": null, "wikidata": null, "wikipedia": null, "emergency": null, "dispensing": null, "drive_through": null, "bin": null, "shelter_type": null, "sport": null, "internet_access": null, "internet_access:fee": null, "government": null, "payment:app:walmart": null, "payment:google_pay": null, "payment:samsung_pay": null, "sensory_friendly:accommodation": null, "sensory_friendly:conditional": null, "education": null, "alt_name": null, "branch": null, "building:levels": null }, "geometry": { "type": "Polygon", "coordinates": [ [ [ -99.7903087, 29.2003632 ], [ -99.7902473, 29.200209 ], [ -99.7899885, 29.2002875 ], [ -99.7899322, 29.2001461 ], [ -99.7899958, 29.2001268 ], [ -99.7899792, 29.2000852 ], [ -99.7900282, 29.2000703 ], [ -99.7900401, 29.2001003 ], [ -99.7901525, 29.2000661 ], [ -99.7901424, 29.2000407 ], [ -99.7902235, 29.2000161 ], [ -99.7902359, 29.2000474 ], [ -99.7902709, 29.2000368 ], [ -99.790391, 29.2003382 ], [ -99.7903087, 29.2003632 ] ] ] } },
{ "type": "Feature", "properties": { "element": "way", "id": 1064482435, "amenity": null, "denomination": null, "ele": null, "gnis:feature_id": null, "name": "DeLeon Park", "religion": null, "service_times": null, "addr:city": null, "addr:housenumber": null, "addr:postcode": null, "addr:state": null, "addr:street": null, "check_date:opening_hours": null, "fee": null, "opening_hours": null, "source": null, "tourism": null, "website": null, "wheelchair": null, "brand": null, "brand:wikidata": null, "healthcare": null, "phone": null, "short_name": null, "beauty": null, "shop": null, "backrest": null, "smoking": null, "fax": null, "office": null, "check_date": null, "ref": null, "payment:cash": null, "payment:credit_cards": null, "payment:debit_cards": null, "payment:contactless": null, "addr:unit": null, "shoes": null, "clothes": null, "official_name": null, "leisure": "park", "operator": null, "contact:facebook": null, "payment:apple_pay": null, "building": null, "grades": null, "name:en": null, "name:es": null, "old_name": null, "operator:type": null, "mascot": null, "wikidata": null, "wikipedia": null, "emergency": null, "dispensing": null, "drive_through": null, "bin": null, "shelter_type": null, "sport": null, "internet_access": null, "internet_access:fee": null, "government": null, "payment:app:walmart": null, "payment:google_pay": null, "payment:samsung_pay": null, "sensory_friendly:accommodation": null, "sensory_friendly:conditional": null, "education": null, "alt_name": null, "branch": null, "building:levels": null }, "geometry": { "type": "Polygon", "coordinates": [ [ [ -99.7922996, 29.2028958 ], [ -99.7920294, 29.2023752 ], [ -99.7940331, 29.2015832 ], [ -99.7943031, 29.2021036 ], [ -99.7922996, 29.2028958 ] ] ] } },
{ "type": "Feature", "properties": { "element": "way", "id": 1063690661, "amenity": "police", "denomination": null, "ele": null, "gnis:feature_id": null, "name": "Uvalde Police Department", "religion": null, "service_times": null, "addr:city": null, "addr:housenumber": null, "addr:postcode": null, "addr:state": null, "addr:street": null, "check_date:opening_hours": null, "fee": null, "opening_hours": null, "source": null, "tourism": null, "website": null, "wheelchair": null, "brand": null, "brand:wikidata": null, "healthcare": null, "phone": null, "short_name": null, "beauty": null, "shop": null, "backrest": null, "smoking": null, "fax": null, "office": null, "check_date": null, "ref": null, "payment:cash": null, "payment:credit_cards": null, "payment:debit_cards": null, "payment:contactless": null, "addr:unit": null, "shoes": null, "clothes": null, "official_name": null, "leisure": null, "operator": null, "contact:facebook": null, "payment:apple_pay": null, "building": "yes", "grades": null, "name:en": null, "name:es": null, "old_name": null, "operator:type": null, "mascot": null, "wikidata": null, "wikipedia": null, "emergency": null, "dispensing": null, "drive_through": null, "bin": null, "shelter_type": null, "sport": null, "internet_access": null, "internet_access:fee": null, "government": null, "payment:app:walmart": null, "payment:google_pay": null, "payment:samsung_pay": null, "sensory_friendly:accommodation": null, "sensory_friendly:conditional": null, "education": null, "alt_name": null, "branch": null, "building:levels": null }, "geometry": { "type": "Polygon", "coordinates": [ [ [ -99.8037215, 29.2033573 ], [ -99.8037672, 29.2033389 ], [ -99.8037581, 29.2033216 ], [ -99.8037649, 29.2033049 ], [ -99.8037747, 29.203281 ], [ -99.8037959, 29.2032714 ], [ -99.8037837, 29.2032508 ], [ -99.8039017, 29.2031973 ], [ -99.8038947, 29.2031855 ], [ -99.8039041, 29.203171 ], [ -99.8039474, 29.2031536 ], [ -99.8040775, 29.2034003 ], [ -99.803988, 29.2034362 ], [ -99.8039666, 29.2033958 ], [ -99.8039009, 29.2034222 ], [ -99.8038935, 29.2034082 ], [ -99.8037739, 29.2034564 ], [ -99.8037215, 29.2033573 ] ] ] } },
{ "type": "Feature", "properties": { "element": "way", "id": 500205719, "amenity": null, "denomination": null, "ele": null, "gnis:feature_id": null, "name": "El Jardin de los Heroes", "religion": null, "service_times": null, "addr:city": "Uvalde", "addr:housenumber": "801", "addr:postcode": null, "addr:state": null, "addr:street": "West Main Street", "check_date:opening_hours": null, "fee": null, "opening_hours": null, "source": null, "tourism": null, "website": null, "wheelchair": null, "brand": null, "brand:wikidata": null, "healthcare": null, "phone": null, "short_name": null, "beauty": null, "shop": null, "backrest": null, "smoking": null, "fax": null, "office": null, "check_date": null, "ref": null, "payment:cash": null, "payment:credit_cards": null, "payment:debit_cards": null, "payment:contactless": null, "addr:unit": null, "shoes": null, "clothes": null, "official_name": null, "leisure": "park", "operator": null, "contact:facebook": null, "payment:apple_pay": null, "building": null, "grades": null, "name:en": "The Garden of Heroes", "name:es": null, "old_name": null, "operator:type": null, "mascot": null, "wikidata": null, "wikipedia": null, "emergency": null, "dispensing": null, "drive_through": null, "bin": null, "shelter_type": null, "sport": null, "internet_access": null, "internet_access:fee": null, "government": null, "payment:app:walmart": null, "payment:google_pay": null, "payment:samsung_pay": null, "sensory_friendly:accommodation": null, "sensory_friendly:conditional": null, "education": null, "alt_name": null, "branch": null, "building:levels": null }, "geometry": { "type": "Polygon", "coordinates": [ [ [ -99.7998598, 29.2043517 ], [ -99.7997773, 29.2043092 ], [ -99.7997132, 29.2041343 ], [ -99.7996476, 29.2040047 ], [ -99.7994224, 29.2036539 ], [ -99.7992982, 29.2034371 ], [ -99.7989425, 29.2027615 ], [ -99.798944, 29.2027315 ], [ -99.7989645, 29.2027087 ], [ -99.8002019, 29.2022598 ], [ -99.8003108, 29.202428 ], [ -99.801008, 29.203898 ], [ -99.7998598, 29.2043517 ] ] ] } },
{ "type": "Feature", "properties": { "element": "way", "id": 1064409076, "amenity": "place_of_worship", "denomination": null, "ele": "276", "gnis:feature_id": "2024344", "name": "Apostolic Assembly of the Faith", "religion": "christian", "service_times": null, "addr:city": null, "addr:housenumber": null, "addr:postcode": null, "addr:state": null, "addr:street": null, "check_date:opening_hours": null, "fee": null, "opening_hours": null, "source": "Uvalde CAD", "tourism": null, "website": null, "wheelchair": null, "brand": null, "brand:wikidata": null, "healthcare": null, "phone": null, "short_name": null, "beauty": null, "shop": null, "backrest": null, "smoking": null, "fax": null, "office": null, "check_date": null, "ref": null, "payment:cash": null, "payment:credit_cards": null, "payment:debit_cards": null, "payment:contactless": null, "addr:unit": null, "shoes": null, "clothes": null, "official_name": null, "leisure": null, "operator": null, "contact:facebook": null, "payment:apple_pay": null, "building": "yes", "grades": null, "name:en": null, "name:es": null, "old_name": null, "operator:type": null, "mascot": null, "wikidata": null, "wikipedia": null, "emergency": null, "dispensing": null, "drive_through": null, "bin": null, "shelter_type": null, "sport": null, "internet_access": null, "internet_access:fee": null, "government": null, "payment:app:walmart": null, "payment:google_pay": null, "payment:samsung_pay": null, "sensory_friendly:accommodation": null, "sensory_friendly:conditional": null, "education": null, "alt_name": null, "branch": null, "building:levels": null }, "geometry": { "type": "Polygon", "coordinates": [ [ [ -99.7938466, 29.2032972 ], [ -99.7939067, 29.2034127 ], [ -99.7938171, 29.2034482 ], [ -99.7938257, 29.2034647 ], [ -99.7937841, 29.2034812 ], [ -99.7937756, 29.2034648 ], [ -99.7937565, 29.2034724 ], [ -99.7936963, 29.2033568 ], [ -99.7938466, 29.2032972 ] ] ] } },
{ "type": "Feature", "properties": { "element": "way", "id": 500209002, "amenity": "shelter", "denomination": null, "ele": null, "gnis:feature_id": null, "name": null, "religion": null, "service_times": null, "addr:city": null, "addr:housenumber": null, "addr:postcode": null, "addr:state": null, "addr:street": null, "check_date:opening_hours": null, "fee": null, "opening_hours": null, "source": null, "tourism": null, "website": null, "wheelchair": null, "brand": null, "brand:wikidata": null, "healthcare": null, "phone": null, "short_name": null, "beauty": null, "shop": null, "backrest": null, "smoking": null, "fax": null, "office": null, "check_date": null, "ref": null, "payment:cash": null, "payment:credit_cards": null, "payment:debit_cards": null, "payment:contactless": null, "addr:unit": null, "shoes": null, "clothes": null, "official_name": null, "leisure": null, "operator": null, "contact:facebook": null, "payment:apple_pay": null, "building": "shelter", "grades": null, "name:en": null, "name:es": null, "old_name": null, "operator:type": null, "mascot": null, "wikidata": null, "wikipedia": null, "emergency": null, "dispensing": null, "drive_through": null, "bin": "yes", "shelter_type": "picnic_shelter", "sport": null, "internet_access": null, "internet_access:fee": null, "government": null, "payment:app:walmart": null, "payment:google_pay": null, "payment:samsung_pay": null, "sensory_friendly:accommodation": null, "sensory_friendly:conditional": null, "education": null, "alt_name": null, "branch": null, "building:levels": null }, "geometry": { "type": "Polygon", "coordinates": [ [ [ -99.8001841, 29.2037398 ], [ -99.8000087, 29.2038046 ], [ -99.7998543, 29.2034864 ], [ -99.8000297, 29.2034216 ], [ -99.8001841, 29.2037398 ] ] ] } },
{ "type": "Feature", "properties": { "element": "node", "id": 13419235554, "amenity": null, "denomination": null, "ele": null, "gnis:feature_id": null, "name": "5 Points Market", "religion": null, "service_times": null, "addr:city": null, "addr:housenumber": null, "addr:postcode": null, "addr:state": null, "addr:street": null, "check_date:opening_hours": null, "fee": null, "opening_hours": null, "source": null, "tourism": null, "website": null, "wheelchair": null, "brand": null, "brand:wikidata": null, "healthcare": null, "phone": null, "short_name": null, "beauty": null, "shop": "convenience", "backrest": null, "smoking": null, "fax": null, "office": null, "check_date": null, "ref": null, "payment:cash": null, "payment:credit_cards": null, "payment:debit_cards": null, "payment:contactless": null, "addr:unit": null, "shoes": null, "clothes": null, "official_name": null, "leisure": null, "operator": null, "contact:facebook": null, "payment:apple_pay": null, "building": null, "grades": null, "name:en": null, "name:es": null, "old_name": null, "operator:type": null, "mascot": null, "wikidata": null, "wikipedia": null, "emergency": null, "dispensing": null, "drive_through": null, "bin": null, "shelter_type": null, "sport": null, "internet_access": null, "internet_access:fee": null, "government": null, "payment:app:walmart": null, "payment:google_pay": null, "payment:samsung_pay": null, "sensory_friendly:accommodation": null, "sensory_friendly:conditional": null, "education": null, "alt_name": null, "branch": null, "building:levels": null }, "geometry": { "type": "Point", "coordinates": [ -99.799203, 29.2044093 ] } },
{ "type": "Feature", "properties": { "element": "node", "id": 356841858, "amenity": "place_of_worship", "denomination": "methodist", "ele": "277", "gnis:feature_id": "2024349", "name": "La Divina Trinidad Methodist Church", "religion": "christian", "service_times": null, "addr:city": null, "addr:housenumber": null, "addr:postcode": null, "addr:state": null, "addr:street": null, "check_date:opening_hours": null, "fee": null, "opening_hours": null, "source": null, "tourism": null, "website": null, "wheelchair": null, "brand": null, "brand:wikidata": null, "healthcare": null, "phone": null, "short_name": null, "beauty": null, "shop": null, "backrest": null, "smoking": null, "fax": null, "office": null, "check_date": null, "ref": null, "payment:cash": null, "payment:credit_cards": null, "payment:debit_cards": null, "payment:contactless": null, "addr:unit": null, "shoes": null, "clothes": null, "official_name": null, "leisure": null, "operator": null, "contact:facebook": null, "payment:apple_pay": null, "building": null, "grades": null, "name:en": null, "name:es": null, "old_name": null, "operator:type": null, "mascot": null, "wikidata": null, "wikipedia": null, "emergency": null, "dispensing": null, "drive_through": null, "bin": null, "shelter_type": null, "sport": null, "internet_access": null, "internet_access:fee": null, "government": null, "payment:app:walmart": null, "payment:google_pay": null, "payment:samsung_pay": null, "sensory_friendly:accommodation": null, "sensory_friendly:conditional": null, "education": null, "alt_name": null, "branch": null, "building:levels": null }, "geometry": { "type": "Point", "coordinates": [ -99.7822789, 29.2007951 ] } },
{ "type": "Feature", "properties": { "element": "way", "id": 501060187, "amenity": null, "denomination": null, "ele": null, "gnis:feature_id": null, "name": "Fiesta Bakery", "religion": null, "service_times": null, "addr:city": null, "addr:housenumber": null, "addr:postcode": null, "addr:state": null, "addr:street": null, "check_date:opening_hours": null, "fee": null, "opening_hours": null, "source": null, "tourism": null, "website": null, "wheelchair": null, "brand": null, "brand:wikidata": null, "healthcare": null, "phone": null, "short_name": null, "beauty": null, "shop": "bakery", "backrest": null, "smoking": null, "fax": null, "office": null, "check_date": null, "ref": null, "payment:cash": null, "payment:credit_cards": null, "payment:debit_cards": null, "payment:contactless": null, "addr:unit": null, "shoes": null, "clothes": null, "official_name": null, "leisure": null, "operator": null, "contact:facebook": null, "payment:apple_pay": null, "building": "yes", "grades": null, "name:en": null, "name:es": null, "old_name": null, "operator:type": null, "mascot": null, "wikidata": null, "wikipedia": null, "emergency": null, "dispensing": null, "drive_through": null, "bin": null, "shelter_type": null, "sport": null, "internet_access": null, "internet_access:fee": null, "government": null, "payment:app:walmart": null, "payment:google_pay": null, "payment:samsung_pay": null, "sensory_friendly:accommodation": null, "sensory_friendly:conditional": null, "education": null, "alt_name": null, "branch": null, "building:levels": null }, "geometry": { "type": "Polygon", "coordinates": [ [ [ -99.7879659, 29.2085182 ], [ -99.7879094, 29.2085368 ], [ -99.7879223, 29.2085666 ], [ -99.787878, 29.2085812 ], [ -99.7878695, 29.2085615 ], [ -99.7877893, 29.2085879 ], [ -99.7877123, 29.2084097 ], [ -99.7877816, 29.2083869 ], [ -99.7878286, 29.2084957 ], [ -99.7879403, 29.208459 ], [ -99.7879659, 29.2085182 ] ] ] } },
{ "type": "Feature", "properties": { "element": "node", "id": 13419235556, "amenity": null, "denomination": null, "ele": null, "gnis:feature_id": null, "name": "Farmers Insurance", "religion": null, "service_times": null, "addr:city": null, "addr:housenumber": null, "addr:postcode": null, "addr:state": null, "addr:street": null, "check_date:opening_hours": null, "fee": null, "opening_hours": null, "source": null, "tourism": null, "website": null, "wheelchair": null, "brand": "Farmers Insurance", "brand:wikidata": null, "healthcare": null, "phone": null, "short_name": null, "beauty": null, "shop": null, "backrest": null, "smoking": null, "fax": null, "office": "insurance", "check_date": null, "ref": null, "payment:cash": null, "payment:credit_cards": null, "payment:debit_cards": null, "payment:contactless": null, "addr:unit": null, "shoes": null, "clothes": null, "official_name": null, "leisure": null, "operator": null, "contact:facebook": null, "payment:apple_pay": null, "building": null, "grades": null, "name:en": null, "name:es": null, "old_name": null, "operator:type": null, "mascot": null, "wikidata": null, "wikipedia": null, "emergency": null, "dispensing": null, "drive_through": null, "bin": null, "shelter_type": null, "sport": null, "internet_access": null, "internet_access:fee": null, "government": null, "payment:app:walmart": null, "payment:google_pay": null, "payment:samsung_pay": null, "sensory_friendly:accommodation": null, "sensory_friendly:conditional": null, "education": null, "alt_name": null, "branch": null, "building:levels": null }, "geometry": { "type": "Point", "coordinates": [ -99.7876783, 29.208844 ] } },
{ "type": "Feature", "properties": { "element": "node", "id": 2648914799, "amenity": "pharmacy", "denomination": null, "ele": null, "gnis:feature_id": null, "name": "H-E-B Pharmacy", "religion": null, "service_times": null, "addr:city": "Uvalde", "addr:housenumber": "201", "addr:postcode": "78801", "addr:state": "TX", "addr:street": "East Main Street", "check_date:opening_hours": null, "fee": null, "opening_hours": null, "source": null, "tourism": null, "website": null, "wheelchair": null, "brand": "H-E-B Pharmacy", "brand:wikidata": "Q830621", "healthcare": "pharmacy", "phone": "+1-830-278-2581", "short_name": "H-E-B", "beauty": null, "shop": null, "backrest": null, "smoking": null, "fax": null, "office": null, "check_date": null, "ref": null, "payment:cash": null, "payment:credit_cards": null, "payment:debit_cards": null, "payment:contactless": null, "addr:unit": null, "shoes": null, "clothes": null, "official_name": null, "leisure": null, "operator": null, "contact:facebook": null, "payment:apple_pay": null, "building": null, "grades": null, "name:en": null, "name:es": null, "old_name": null, "operator:type": null, "mascot": null, "wikidata": null, "wikipedia": null, "emergency": null, "dispensing": null, "drive_through": null, "bin": null, "shelter_type": null, "sport": null, "internet_access": null, "internet_access:fee": null, "government": null, "payment:app:walmart": null, "payment:google_pay": null, "payment:samsung_pay": null, "sensory_friendly:accommodation": null, "sensory_friendly:conditional": null, "education": null, "alt_name": null, "branch": null, "building:levels": null }, "geometry": { "type": "Point", "coordinates": [ -99.7828813, 29.2091914 ] } },
{ "type": "Feature", "properties": { "element": "way", "id": 388487032, "amenity": "townhall", "denomination": null, "ele": null, "gnis:feature_id": null, "name": "Uvalde City Hall", "religion": null, "service_times": null, "addr:city": null, "addr:housenumber": null, "addr:postcode": null, "addr:state": null, "addr:street": null, "check_date:opening_hours": null, "fee": null, "opening_hours": null, "source": null, "tourism": null, "website": "https://www.uvaldetx.gov/", "wheelchair": null, "brand": null, "brand:wikidata": null, "healthcare": null, "phone": null, "short_name": null, "beauty": null, "shop": null, "backrest": null, "smoking": null, "fax": null, "office": null, "check_date": null, "ref": null, "payment:cash": null, "payment:credit_cards": null, "payment:debit_cards": null, "payment:contactless": null, "addr:unit": null, "shoes": null, "clothes": null, "official_name": null, "leisure": null, "operator": null, "contact:facebook": null, "payment:apple_pay": null, "building": "yes", "grades": null, "name:en": null, "name:es": null, "old_name": null, "operator:type": null, "mascot": null, "wikidata": null, "wikipedia": null, "emergency": null, "dispensing": null, "drive_through": null, "bin": null, "shelter_type": null, "sport": null, "internet_access": null, "internet_access:fee": null, "government": null, "payment:app:walmart": null, "payment:google_pay": null, "payment:samsung_pay": null, "sensory_friendly:accommodation": null, "sensory_friendly:conditional": null, "education": null, "alt_name": null, "branch": null, "building:levels": null }, "geometry": { "type": "Polygon", "coordinates": [ [ [ -99.7855482, 29.2094641 ], [ -99.7854898, 29.2093131 ], [ -99.7854705, 29.2093188 ], [ -99.7854164, 29.2091792 ], [ -99.785627, 29.2091171 ], [ -99.7857395, 29.2094077 ], [ -99.7855482, 29.2094641 ] ] ] } },
{ "type": "Feature", "properties": { "element": "way", "id": 501059429, "amenity": null, "denomination": null, "ele": null, "gnis:feature_id": null, "name": "Jesse's Water Store", "religion": null, "service_times": null, "addr:city": null, "addr:housenumber": null, "addr:postcode": null, "addr:state": null, "addr:street": null, "check_date:opening_hours": null, "fee": null, "opening_hours": null, "source": null, "tourism": null, "website": null, "wheelchair": null, "brand": null, "brand:wikidata": null, "healthcare": null, "phone": null, "short_name": null, "beauty": null, "shop": "convenience", "backrest": null, "smoking": null, "fax": null, "office": null, "check_date": null, "ref": null, "payment:cash": null, "payment:credit_cards": null, "payment:debit_cards": null, "payment:contactless": null, "addr:unit": null, "shoes": null, "clothes": null, "official_name": null, "leisure": null, "operator": null, "contact:facebook": null, "payment:apple_pay": null, "building": "yes", "grades": null, "name:en": null, "name:es": null, "old_name": null, "operator:type": null, "mascot": null, "wikidata": null, "wikipedia": null, "emergency": null, "dispensing": null, "drive_through": null, "bin": null, "shelter_type": null, "sport": null, "internet_access": null, "internet_access:fee": null, "government": null, "payment:app:walmart": null, "payment:google_pay": null, "payment:samsung_pay": null, "sensory_friendly:accommodation": null, "sensory_friendly:conditional": null, "education": null, "alt_name": null, "branch": null, "building:levels": null }, "geometry": { "type": "Polygon", "coordinates": [ [ [ -99.7880901, 29.2092942 ], [ -99.7882428, 29.2092454 ], [ -99.7882568, 29.2092469 ], [ -99.7883421, 29.2094456 ], [ -99.7881786, 29.2094993 ], [ -99.7880901, 29.2092942 ] ] ] } },
{ "type": "Feature", "properties": { "element": "node", "id": 9776616345, "amenity": null, "denomination": null, "ele": null, "gnis:feature_id": null, "name": "Family Dollar", "religion": null, "service_times": null, "addr:city": null, "addr:housenumber": null, "addr:postcode": null, "addr:state": null, "addr:street": null, "check_date:opening_hours": null, "fee": null, "opening_hours": null, "source": null, "tourism": null, "website": null, "wheelchair": null, "brand": "Family Dollar", "brand:wikidata": "Q5433101", "healthcare": null, "phone": null, "short_name": null, "beauty": null, "shop": "variety_store", "backrest": null, "smoking": null, "fax": null, "office": null, "check_date": "2024-04-09", "ref": null, "payment:cash": null, "payment:credit_cards": null, "payment:debit_cards": null, "payment:contactless": null, "addr:unit": null, "shoes": null, "clothes": null, "official_name": null, "leisure": null, "operator": null, "contact:facebook": null, "payment:apple_pay": null, "building": null, "grades": null, "name:en": null, "name:es": null, "old_name": null, "operator:type": null, "mascot": null, "wikidata": null, "wikipedia": null, "emergency": null, "dispensing": null, "drive_through": null, "bin": null, "shelter_type": null, "sport": null, "internet_access": null, "internet_access:fee": null, "government": null, "payment:app:walmart": null, "payment:google_pay": null, "payment:samsung_pay": null, "sensory_friendly:accommodation": null, "sensory_friendly:conditional": null, "education": null, "alt_name": null, "branch": null, "building:levels": null }, "geometry": { "type": "Point", "coordinates": [ -99.7843754, 29.2095575 ] } },
{ "type": "Feature", "properties": { "element": "way", "id": 257708767, "amenity": null, "denomination": null, "ele": null, "gnis:feature_id": null, "name": "H-E-B", "religion": null, "service_times": null, "addr:city": "Uvalde", "addr:housenumber": "201", "addr:postcode": "78801", "addr:state": "TX", "addr:street": "East Main Street", "check_date:opening_hours": null, "fee": null, "opening_hours": null, "source": null, "tourism": null, "website": null, "wheelchair": null, "brand": "H-E-B", "brand:wikidata": "Q830621", "healthcare": null, "phone": "+1-830-278-3352", "short_name": null, "beauty": null, "shop": "supermarket", "backrest": null, "smoking": null, "fax": null, "office": null, "check_date": "2024-04-09", "ref": null, "payment:cash": null, "payment:credit_cards": null, "payment:debit_cards": null, "payment:contactless": null, "addr:unit": null, "shoes": null, "clothes": null, "official_name": null, "leisure": null, "operator": null, "contact:facebook": null, "payment:apple_pay": null, "building": "yes", "grades": null, "name:en": null, "name:es": null, "old_name": null, "operator:type": null, "mascot": null, "wikidata": null, "wikipedia": null, "emergency": null, "dispensing": null, "drive_through": null, "bin": null, "shelter_type": null, "sport": null, "internet_access": null, "internet_access:fee": null, "government": null, "payment:app:walmart": null, "payment:google_pay": null, "payment:samsung_pay": null, "sensory_friendly:accommodation": null, "sensory_friendly:conditional": null, "education": null, "alt_name": null, "branch": null, "building:levels": null }, "geometry": { "type": "Polygon", "coordinates": [ [ [ -99.7831081, 29.2098757 ], [ -99.7830521, 29.2098934 ], [ -99.7828241, 29.2093452 ], [ -99.7829103, 29.2093179 ], [ -99.7828688, 29.2092181 ], [ -99.7827798, 29.2092463 ], [ -99.7827547, 29.2091859 ], [ -99.7832804, 29.2090193 ], [ -99.7833544, 29.2091972 ], [ -99.7833942, 29.2091846 ], [ -99.7834198, 29.209246 ], [ -99.7834992, 29.2092209 ], [ -99.7835238, 29.20928 ], [ -99.7835907, 29.2092588 ], [ -99.7836693, 29.2094478 ], [ -99.7835778, 29.2094768 ], [ -99.7837838, 29.2099719 ], [ -99.7832221, 29.2101499 ], [ -99.7831081, 29.2098757 ] ] ] } },
{ "type": "Feature", "properties": { "element": "node", "id": 9776616344, "amenity": null, "denomination": null, "ele": null, "gnis:feature_id": null, "name": "O'Reilly Auto Parts", "religion": null, "service_times": null, "addr:city": null, "addr:housenumber": null, "addr:postcode": null, "addr:state": null, "addr:street": null, "check_date:opening_hours": null, "fee": null, "opening_hours": null, "source": null, "tourism": null, "website": "https://locations.oreillyauto.com/tx/uvalde/autoparts-798.html", "wheelchair": null, "brand": "O'Reilly Auto Parts", "brand:wikidata": "Q7071951", "healthcare": null, "phone": null, "short_name": null, "beauty": null, "shop": "car_parts", "backrest": null, "smoking": null, "fax": null, "office": null, "check_date": "2024-04-09", "ref": null, "payment:cash": null, "payment:credit_cards": null, "payment:debit_cards": null, "payment:contactless": null, "addr:unit": null, "shoes": null, "clothes": null, "official_name": null, "leisure": null, "operator": null, "contact:facebook": null, "payment:apple_pay": null, "building": null, "grades": null, "name:en": null, "name:es": null, "old_name": null, "operator:type": null, "mascot": null, "wikidata": null, "wikipedia": null, "emergency": null, "dispensing": null, "drive_through": null, "bin": null, "shelter_type": null, "sport": null, "internet_access": null, "internet_access:fee": null, "government": null, "payment:app:walmart": null, "payment:google_pay": null, "payment:samsung_pay": null, "sensory_friendly:accommodation": null, "sensory_friendly:conditional": null, "education": null, "alt_name": null, "branch": null, "building:levels": null }, "geometry": { "type": "Point", "coordinates": [ -99.7841421, 29.2096136 ] } },
{ "type": "Feature", "properties": { "element": "node", "id": 9776616342, "amenity": null, "denomination": null, "ele": null, "gnis:feature_id": null, "name": "Sherwin-Williams", "religion": null, "service_times": null, "addr:city": null, "addr:housenumber": null, "addr:postcode": null, "addr:state": null, "addr:street": null, "check_date:opening_hours": null, "fee": null, "opening_hours": null, "source": null, "tourism": null, "website": null, "wheelchair": null, "brand": "Sherwin-Williams", "brand:wikidata": "Q48881", "healthcare": null, "phone": null, "short_name": null, "beauty": null, "shop": "paint", "backrest": null, "smoking": null, "fax": null, "office": null, "check_date": null, "ref": null, "payment:cash": null, "payment:credit_cards": null, "payment:debit_cards": null, "payment:contactless": null, "addr:unit": null, "shoes": null, "clothes": null, "official_name": null, "leisure": null, "operator": null, "contact:facebook": null, "payment:apple_pay": null, "building": null, "grades": null, "name:en": null, "name:es": null, "old_name": null, "operator:type": null, "mascot": null, "wikidata": null, "wikipedia": null, "emergency": null, "dispensing": null, "drive_through": null, "bin": null, "shelter_type": null, "sport": null, "internet_access": null, "internet_access:fee": null, "government": null, "payment:app:walmart": null, "payment:google_pay": null, "payment:samsung_pay": null, "sensory_friendly:accommodation": null, "sensory_friendly:conditional": null, "education": null, "alt_name": null, "branch": null, "building:levels": null }, "geometry": { "type": "Point", "coordinates": [ -99.7847357, 29.2105893 ] } },
{ "type": "Feature", "properties": { "element": "way", "id": 323735388, "amenity": "school", "denomination": null, "ele": null, "gnis:feature_id": null, "name": "Uvalde Dual Language Academy / Academia de Lenguaje Dual Uvalde", "religion": null, "service_times": null, "addr:city": "Uvalde", "addr:housenumber": "224", "addr:postcode": "78801", "addr:state": "TX", "addr:street": "North Benson Road", "check_date:opening_hours": null, "fee": null, "opening_hours": null, "source": null, "tourism": null, "website": "https://www.ucisd.net/Domain/1710", "wheelchair": null, "brand": null, "brand:wikidata": null, "healthcare": null, "phone": null, "short_name": null, "beauty": null, "shop": null, "backrest": null, "smoking": null, "fax": null, "office": null, "check_date": null, "ref": null, "payment:cash": null, "payment:credit_cards": null, "payment:debit_cards": null, "payment:contactless": null, "addr:unit": null, "shoes": null, "clothes": null, "official_name": null, "leisure": null, "operator": "Uvalde CISD", "contact:facebook": null, "payment:apple_pay": null, "building": null, "grades": "PK-6", "name:en": "Uvalde Dual Language Academy", "name:es": "Academia de Lenguaje Dual Uvalde", "old_name": "Anthon Elementary School", "operator:type": "public", "mascot": null, "wikidata": null, "wikipedia": null, "emergency": null, "dispensing": null, "drive_through": null, "bin": null, "shelter_type": null, "sport": null, "internet_access": null, "internet_access:fee": null, "government": null, "payment:app:walmart": null, "payment:google_pay": null, "payment:samsung_pay": null, "sensory_friendly:accommodation": null, "sensory_friendly:conditional": null, "education": null, "alt_name": null, "branch": null, "building:levels": null }, "geometry": { "type": "Polygon", "coordinates": [ [ [ -99.8070527, 29.2048374 ], [ -99.8068095, 29.2049371 ], [ -99.806347, 29.2051266 ], [ -99.8044855, 29.2058892 ], [ -99.8035384, 29.2043583 ], [ -99.8062059, 29.2032481 ], [ -99.8070527, 29.2048374 ] ] ] } },
{ "type": "Feature", "properties": { "element": "way", "id": 1064409082, "amenity": "place_of_worship", "denomination": "baptist", "ele": "276", "gnis:feature_id": "2024347", "name": "New Light Missionary Baptist Church", "religion": "christian", "service_times": null, "addr:city": null, "addr:housenumber": null, "addr:postcode": null, "addr:state": null, "addr:street": null, "check_date:opening_hours": null, "fee": null, "opening_hours": null, "source": "Uvalde CAD", "tourism": null, "website": null, "wheelchair": null, "brand": null, "brand:wikidata": null, "healthcare": null, "phone": null, "short_name": null, "beauty": null, "shop": null, "backrest": null, "smoking": null, "fax": null, "office": null, "check_date": null, "ref": null, "payment:cash": null, "payment:credit_cards": null, "payment:debit_cards": null, "payment:contactless": null, "addr:unit": null, "shoes": null, "clothes": null, "official_name": null, "leisure": null, "operator": null, "contact:facebook": null, "payment:apple_pay": null, "building": "yes", "grades": null, "name:en": null, "name:es": null, "old_name": null, "operator:type": null, "mascot": null, "wikidata": null, "wikipedia": null, "emergency": null, "dispensing": null, "drive_through": null, "bin": null, "shelter_type": null, "sport": null, "internet_access": null, "internet_access:fee": null, "government": null, "payment:app:walmart": null, "payment:google_pay": null, "payment:samsung_pay": null, "sensory_friendly:accommodation": null, "sensory_friendly:conditional": null, "education": null, "alt_name": null, "branch": null, "building:levels": null }, "geometry": { "type": "Polygon", "coordinates": [ [ [ -99.7950192, 29.2049023 ], [ -99.7949205, 29.2049412 ], [ -99.7948454, 29.2047977 ], [ -99.7948723, 29.2047871 ], [ -99.7948602, 29.2047637 ], [ -99.7949009, 29.2047476 ], [ -99.794913, 29.204771 ], [ -99.7949441, 29.2047588 ], [ -99.7950192, 29.2049023 ] ] ] } },
{ "type": "Feature", "properties": { "element": "way", "id": 1064566551, "amenity": "place_of_worship", "denomination": null, "ele": "277", "gnis:feature_id": "2024352", "name": "New Testament Fellowship Church", "religion": "christian", "service_times": null, "addr:city": null, "addr:housenumber": null, "addr:postcode": null, "addr:state": null, "addr:street": null, "check_date:opening_hours": null, "fee": null, "opening_hours": null, "source": "Uvalde CAD", "tourism": null, "website": null, "wheelchair": null, "brand": null, "brand:wikidata": null, "healthcare": null, "phone": null, "short_name": null, "beauty": null, "shop": null, "backrest": null, "smoking": null, "fax": null, "office": null, "check_date": null, "ref": null, "payment:cash": null, "payment:credit_cards": null, "payment:debit_cards": null, "payment:contactless": null, "addr:unit": null, "shoes": null, "clothes": null, "official_name": null, "leisure": null, "operator": null, "contact:facebook": null, "payment:apple_pay": null, "building": "yes", "grades": null, "name:en": null, "name:es": null, "old_name": null, "operator:type": null, "mascot": null, "wikidata": null, "wikipedia": null, "emergency": null, "dispensing": null, "drive_through": null, "bin": null, "shelter_type": null, "sport": null, "internet_access": null, "internet_access:fee": null, "government": null, "payment:app:walmart": null, "payment:google_pay": null, "payment:samsung_pay": null, "sensory_friendly:accommodation": null, "sensory_friendly:conditional": null, "education": null, "alt_name": null, "branch": null, "building:levels": null }, "geometry": { "type": "Polygon", "coordinates": [ [ [ -99.7903418, 29.2052525 ], [ -99.7904425, 29.205222 ], [ -99.7904711, 29.2052939 ], [ -99.790505, 29.2052836 ], [ -99.7905166, 29.2053126 ], [ -99.7904826, 29.2053229 ], [ -99.790547, 29.2054847 ], [ -99.7904463, 29.2055152 ], [ -99.7903418, 29.2052525 ] ] ] } },
{ "type": "Feature", "properties": { "element": "way", "id": 501045857, "amenity": "library", "denomination": null, "ele": null, "gnis:feature_id": null, "name": "El Progreso Memorial Library", "religion": null, "service_times": null, "addr:city": "Uvalde", "addr:housenumber": "301", "addr:postcode": "78801", "addr:state": "TX", "addr:street": "West Main Street", "check_date:opening_hours": null, "fee": null, "opening_hours": null, "source": null, "tourism": null, "website": "https://www.elprogreso.org/", "wheelchair": null, "brand": null, "brand:wikidata": null, "healthcare": null, "phone": null, "short_name": null, "beauty": null, "shop": null, "backrest": null, "smoking": null, "fax": null, "office": null, "check_date": null, "ref": null, "payment:cash": null, "payment:credit_cards": null, "payment:debit_cards": null, "payment:contactless": null, "addr:unit": null, "shoes": null, "clothes": null, "official_name": null, "leisure": null, "operator": null, "contact:facebook": null, "payment:apple_pay": null, "building": "yes", "grades": null, "name:en": null, "name:es": null, "old_name": null, "operator:type": null, "mascot": null, "wikidata": null, "wikipedia": null, "emergency": null, "dispensing": null, "drive_through": null, "bin": null, "shelter_type": null, "sport": null, "internet_access": "yes", "internet_access:fee": "no", "government": null, "payment:app:walmart": null, "payment:google_pay": null, "payment:samsung_pay": null, "sensory_friendly:accommodation": null, "sensory_friendly:conditional": null, "education": null, "alt_name": null, "branch": null, "building:levels": null }, "geometry": { "type": "Polygon", "coordinates": [ [ [ -99.7905904, 29.2071978 ], [ -99.7906885, 29.2072711 ], [ -99.7905385, 29.2074207 ], [ -99.7904325, 29.2073466 ], [ -99.7903777, 29.2073619 ], [ -99.7903149, 29.20737 ], [ -99.7902562, 29.2073759 ], [ -99.7902097, 29.2073676 ], [ -99.7901173, 29.2074551 ], [ -99.7899356, 29.2073209 ], [ -99.7900177, 29.2072367 ], [ -99.7899981, 29.2071808 ], [ -99.7899906, 29.2071248 ], [ -99.7900108, 29.2070362 ], [ -99.7899066, 29.2069599 ], [ -99.790052, 29.2068116 ], [ -99.7901558, 29.2068798 ], [ -99.790214, 29.2068566 ], [ -99.7902886, 29.2068405 ], [ -99.7903959, 29.2068602 ], [ -99.7904742, 29.2067803 ], [ -99.790648, 29.2069048 ], [ -99.7905698, 29.2069902 ], [ -99.790597, 29.2070421 ], [ -99.7906056, 29.2071338 ], [ -99.7905904, 29.2071978 ] ] ] } },
{ "type": "Feature", "properties": { "element": "node", "id": 13893074496, "amenity": null, "denomination": null, "ele": null, "gnis:feature_id": null, "name": "Minit Mart", "religion": null, "service_times": null, "addr:city": "Uvalde", "addr:housenumber": "444", "addr:postcode": "78801", "addr:state": "TX", "addr:street": "West Main Street", "check_date:opening_hours": null, "fee": null, "opening_hours": "24/7", "source": null, "tourism": null, "website": "https://minitmart.com", "wheelchair": null, "brand": "Minit Mart", "brand:wikidata": "Q18154470", "healthcare": null, "phone": "+1-830-278-6020", "short_name": null, "beauty": null, "shop": "convenience", "backrest": null, "smoking": null, "fax": null, "office": null, "check_date": null, "ref": null, "payment:cash": "yes", "payment:credit_cards": "yes", "payment:debit_cards": "yes", "payment:contactless": "yes", "addr:unit": null, "shoes": null, "clothes": null, "official_name": null, "leisure": null, "operator": null, "contact:facebook": null, "payment:apple_pay": "yes", "building": null, "grades": null, "name:en": null, "name:es": null, "old_name": null, "operator:type": null, "mascot": null, "wikidata": null, "wikipedia": null, "emergency": null, "dispensing": null, "drive_through": null, "bin": null, "shelter_type": null, "sport": null, "internet_access": null, "internet_access:fee": null, "government": null, "payment:app:walmart": null, "payment:google_pay": null, "payment:samsung_pay": null, "sensory_friendly:accommodation": null, "sensory_friendly:conditional": null, "education": null, "alt_name": null, "branch": null, "building:levels": null }, "geometry": { "type": "Point", "coordinates": [ -99.7934633, 29.2076938 ] } },
{ "type": "Feature", "properties": { "element": "way", "id": 1064023583, "amenity": null, "denomination": null, "ele": null, "gnis:feature_id": null, "name": "Stripes", "religion": null, "service_times": null, "addr:city": "Uvalde", "addr:housenumber": "312", "addr:postcode": "78801", "addr:state": "TX", "addr:street": "West Main Street", "check_date:opening_hours": null, "fee": null, "opening_hours": null, "source": null, "tourism": null, "website": "https://stripesstores.com/locator/detail/2407", "wheelchair": null, "brand": "Stripes", "brand:wikidata": "Q7624135", "healthcare": null, "phone": null, "short_name": null, "beauty": null, "shop": "convenience", "backrest": null, "smoking": null, "fax": null, "office": null, "check_date": null, "ref": null, "payment:cash": null, "payment:credit_cards": null, "payment:debit_cards": null, "payment:contactless": null, "addr:unit": null, "shoes": null, "clothes": null, "official_name": null, "leisure": null, "operator": null, "contact:facebook": null, "payment:apple_pay": null, "building": "yes", "grades": null, "name:en": null, "name:es": null, "old_name": null, "operator:type": null, "mascot": null, "wikidata": null, "wikipedia": null, "emergency": null, "dispensing": null, "drive_through": null, "bin": null, "shelter_type": null, "sport": null, "internet_access": null, "internet_access:fee": null, "government": null, "payment:app:walmart": null, "payment:google_pay": null, "payment:samsung_pay": null, "sensory_friendly:accommodation": null, "sensory_friendly:conditional": null, "education": null, "alt_name": null, "branch": null, "building:levels": null }, "geometry": { "type": "Polygon", "coordinates": [ [ [ -99.790701, 29.2088717 ], [ -99.7906255, 29.2087189 ], [ -99.7909613, 29.2085925 ], [ -99.7910368, 29.2087452 ], [ -99.790701, 29.2088717 ] ] ] } },
{ "type": "Feature", "properties": { "element": "way", "id": 1424187722, "amenity": null, "denomination": null, "ele": null, "gnis:feature_id": null, "name": "Esperanza Park", "religion": null, "service_times": null, "addr:city": "Uvalde", "addr:housenumber": "500", "addr:postcode": null, "addr:state": null, "addr:street": "North Grove Street", "check_date:opening_hours": null, "fee": null, "opening_hours": null, "source": null, "tourism": null, "website": null, "wheelchair": null, "brand": null, "brand:wikidata": null, "healthcare": null, "phone": null, "short_name": null, "beauty": null, "shop": null, "backrest": null, "smoking": null, "fax": null, "office": null, "check_date": null, "ref": null, "payment:cash": null, "payment:credit_cards": null, "payment:debit_cards": null, "payment:contactless": null, "addr:unit": null, "shoes": null, "clothes": null, "official_name": null, "leisure": "park", "operator": "City of Uvalde, Texas", "contact:facebook": null, "payment:apple_pay": null, "building": null, "grades": null, "name:en": null, "name:es": null, "old_name": null, "operator:type": null, "mascot": null, "wikidata": null, "wikipedia": null, "emergency": null, "dispensing": null, "drive_through": null, "bin": null, "shelter_type": null, "sport": null, "internet_access": null, "internet_access:fee": null, "government": null, "payment:app:walmart": null, "payment:google_pay": null, "payment:samsung_pay": null, "sensory_friendly:accommodation": null, "sensory_friendly:conditional": null, "education": null, "alt_name": null, "branch": null, "building:levels": null }, "geometry": { "type": "Polygon", "coordinates": [ [ [ -99.7970731, 29.2121122 ], [ -99.7965663, 29.212315 ], [ -99.7964139, 29.2120236 ], [ -99.7964133, 29.2120053 ], [ -99.7964212, 29.2119885 ], [ -99.7964348, 29.2119786 ], [ -99.7969076, 29.2117911 ], [ -99.7970731, 29.2121122 ] ] ] } },
{ "type": "Feature", "properties": { "element": "node", "id": 368165058, "amenity": null, "denomination": null, "ele": "279", "gnis:feature_id": "2014410", "name": "Briscoe-Garner Museum", "religion": null, "service_times": null, "addr:city": "Uvalde", "addr:housenumber": "333", "addr:postcode": "78801", "addr:state": "TX", "addr:street": "North Park Street", "check_date:opening_hours": "2023-07-24", "fee": "no", "opening_hours": "Tu-Sa 09:00-16:00; PH off", "source": "USGS Geonames", "tourism": "museum", "website": "https://briscoecenter.org/visit/briscoe-garner-museum/", "wheelchair": "yes", "brand": null, "brand:wikidata": null, "healthcare": null, "phone": null, "short_name": null, "beauty": null, "shop": null, "backrest": null, "smoking": null, "fax": null, "office": null, "check_date": null, "ref": null, "payment:cash": null, "payment:credit_cards": null, "payment:debit_cards": null, "payment:contactless": null, "addr:unit": null, "shoes": null, "clothes": null, "official_name": null, "leisure": null, "operator": null, "contact:facebook": null, "payment:apple_pay": null, "building": null, "grades": null, "name:en": null, "name:es": null, "old_name": null, "operator:type": null, "mascot": null, "wikidata": null, "wikipedia": null, "emergency": null, "dispensing": null, "drive_through": null, "bin": null, "shelter_type": null, "sport": null, "internet_access": null, "internet_access:fee": null, "government": null, "payment:app:walmart": null, "payment:google_pay": null, "payment:samsung_pay": null, "sensory_friendly:accommodation": null, "sensory_friendly:conditional": null, "education": null, "alt_name": null, "branch": null, "building:levels": null }, "geometry": { "type": "Point", "coordinates": [ -99.7922199, 29.2125113 ] } },
{ "type": "Feature", "properties": { "element": "way", "id": 1064560143, "amenity": "place_of_worship", "denomination": "seventh_day_adventist", "ele": "281", "gnis:feature_id": "2024351", "name": "Seventh Day Adventist Church", "religion": "christian", "service_times": null, "addr:city": null, "addr:housenumber": null, "addr:postcode": null, "addr:state": null, "addr:street": null, "check_date:opening_hours": null, "fee": null, "opening_hours": null, "source": null, "tourism": null, "website": null, "wheelchair": null, "brand": null, "brand:wikidata": null, "healthcare": null, "phone": null, "short_name": null, "beauty": null, "shop": null, "backrest": null, "smoking": null, "fax": null, "office": null, "check_date": null, "ref": null, "payment:cash": null, "payment:credit_cards": null, "payment:debit_cards": null, "payment:contactless": null, "addr:unit": null, "shoes": null, "clothes": null, "official_name": null, "leisure": null, "operator": null, "contact:facebook": null, "payment:apple_pay": null, "building": "yes", "grades": null, "name:en": null, "name:es": null, "old_name": null, "operator:type": null, "mascot": null, "wikidata": null, "wikipedia": null, "emergency": null, "dispensing": null, "drive_through": null, "bin": null, "shelter_type": null, "sport": null, "internet_access": null, "internet_access:fee": null, "government": null, "payment:app:walmart": null, "payment:google_pay": null, "payment:samsung_pay": null, "sensory_friendly:accommodation": null, "sensory_friendly:conditional": null, "education": null, "alt_name": null, "branch": null, "building:levels": null }, "geometry": { "type": "Polygon", "coordinates": [ [ [ -99.7920059, 29.2177006 ], [ -99.7922012, 29.2176358 ], [ -99.7922399, 29.2177247 ], [ -99.7920446, 29.2177895 ], [ -99.7920059, 29.2177006 ] ] ] } },
{ "type": "Feature", "properties": { "element": "node", "id": 356841854, "amenity": "place_of_worship", "denomination": "lutheran", "ele": "280", "gnis:feature_id": "2024348", "name": "Trinity Lutheran Church", "religion": "christian", "service_times": null, "addr:city": null, "addr:housenumber": null, "addr:postcode": null, "addr:state": null, "addr:street": null, "check_date:opening_hours": null, "fee": null, "opening_hours": null, "source": null, "tourism": null, "website": null, "wheelchair": null, "brand": null, "brand:wikidata": null, "healthcare": null, "phone": null, "short_name": null, "beauty": null, "shop": null, "backrest": null, "smoking": null, "fax": null, "office": null, "check_date": null, "ref": null, "payment:cash": null, "payment:credit_cards": null, "payment:debit_cards": null, "payment:contactless": null, "addr:unit": null, "shoes": null, "clothes": null, "official_name": null, "leisure": null, "operator": null, "contact:facebook": null, "payment:apple_pay": null, "building": null, "grades": null, "name:en": null, "name:es": null, "old_name": null, "operator:type": null, "mascot": null, "wikidata": null, "wikipedia": null, "emergency": null, "dispensing": null, "drive_through": null, "bin": null, "shelter_type": null, "sport": null, "internet_access": null, "internet_access:fee": null, "government": null, "payment:app:walmart": null, "payment:google_pay": null, "payment:samsung_pay": null, "sensory_friendly:accommodation": null, "sensory_friendly:conditional": null, "education": null, "alt_name": null, "branch": null, "building:levels": null }, "geometry": { "type": "Point", "coordinates": [ -99.7898023, 29.2204522 ] } },
{ "type": "Feature", "properties": { "element": "node", "id": 9776616343, "amenity": null, "denomination": null, "ele": null, "gnis:feature_id": null, "name": "AutoZone", "religion": null, "service_times": null, "addr:city": null, "addr:housenumber": null, "addr:postcode": null, "addr:state": null, "addr:street": null, "check_date:opening_hours": null, "fee": null, "opening_hours": null, "source": null, "tourism": null, "website": "https://www.autozone.com/locations/tx/uvalde/126-e-main.html", "wheelchair": null, "brand": "AutoZone", "brand:wikidata": "Q4826087", "healthcare": null, "phone": null, "short_name": null, "beauty": null, "shop": "car_parts", "backrest": null, "smoking": null, "fax": null, "office": null, "check_date": null, "ref": null, "payment:cash": null, "payment:credit_cards": null, "payment:debit_cards": null, "payment:contactless": null, "addr:unit": null, "shoes": null, "clothes": null, "official_name": null, "leisure": null, "operator": null, "contact:facebook": null, "payment:apple_pay": null, "building": null, "grades": null, "name:en": null, "name:es": null, "old_name": null, "operator:type": null, "mascot": null, "wikidata": null, "wikipedia": null, "emergency": null, "dispensing": null, "drive_through": null, "bin": null, "shelter_type": null, "sport": null, "internet_access": null, "internet_access:fee": null, "government": null, "payment:app:walmart": null, "payment:google_pay": null, "payment:samsung_pay": null, "sensory_friendly:accommodation": null, "sensory_friendly:conditional": null, "education": null, "alt_name": null, "branch": null, "building:levels": null }, "geometry": { "type": "Point", "coordinates": [ -99.7845507, 29.2106501 ] } },
{ "type": "Feature", "properties": { "element": "node", "id": 5702460527, "amenity": null, "denomination": null, "ele": null, "gnis:feature_id": null, "name": "Mortensen Engineering Associates", "religion": null, "service_times": null, "addr:city": "Uvalde", "addr:housenumber": "200", "addr:postcode": "78801", "addr:state": "TX", "addr:street": "Hornby Place", "check_date:opening_hours": null, "fee": null, "opening_hours": "Mo-Fr 08:00-17:00", "source": null, "tourism": null, "website": "http://mortensenengineers.com", "wheelchair": null, "brand": null, "brand:wikidata": null, "healthcare": null, "phone": "+1-830-278-3545", "short_name": null, "beauty": null, "shop": null, "backrest": null, "smoking": null, "fax": "+1-830-278-9291", "office": "company", "check_date": null, "ref": null, "payment:cash": null, "payment:credit_cards": null, "payment:debit_cards": null, "payment:contactless": null, "addr:unit": null, "shoes": null, "clothes": null, "official_name": null, "leisure": null, "operator": null, "contact:facebook": null, "payment:apple_pay": null, "building": null, "grades": null, "name:en": null, "name:es": null, "old_name": null, "operator:type": null, "mascot": null, "wikidata": null, "wikipedia": null, "emergency": null, "dispensing": null, "drive_through": null, "bin": null, "shelter_type": null, "sport": null, "internet_access": null, "internet_access:fee": null, "government": null, "payment:app:walmart": null, "payment:google_pay": null, "payment:samsung_pay": null, "sensory_friendly:accommodation": null, "sensory_friendly:conditional": null, "education": null, "alt_name": null, "branch": null, "building:levels": null }, "geometry": { "type": "Point", "coordinates": [ -99.7849957, 29.2108881 ] } },
{ "type": "Feature", "properties": { "element": "way", "id": 388493927, "amenity": "pharmacy", "denomination": null, "ele": null, "gnis:feature_id": null, "name": "Walgreens", "religion": null, "service_times": null, "addr:city": null, "addr:housenumber": null, "addr:postcode": null, "addr:state": null, "addr:street": null, "check_date:opening_hours": null, "fee": null, "opening_hours": "Mo-Sa 08:00-22:00; Su 09:00-21:00", "source": null, "tourism": null, "website": "https://www.walgreens.com/locator/walgreens-250+e+main+st-uvalde-tx-78801/id=13447", "wheelchair": null, "brand": "Walgreens", "brand:wikidata": "Q1591889", "healthcare": "pharmacy", "phone": "+1 830 278 3915", "short_name": null, "beauty": null, "shop": null, "backrest": null, "smoking": null, "fax": null, "office": null, "check_date": "2024-04-09", "ref": null, "payment:cash": null, "payment:credit_cards": null, "payment:debit_cards": null, "payment:contactless": null, "addr:unit": null, "shoes": null, "clothes": null, "official_name": null, "leisure": null, "operator": null, "contact:facebook": null, "payment:apple_pay": null, "building": "yes", "grades": null, "name:en": null, "name:es": null, "old_name": null, "operator:type": null, "mascot": null, "wikidata": null, "wikipedia": null, "emergency": null, "dispensing": "yes", "drive_through": "yes", "bin": null, "shelter_type": null, "sport": null, "internet_access": null, "internet_access:fee": null, "government": null, "payment:app:walmart": null, "payment:google_pay": null, "payment:samsung_pay": null, "sensory_friendly:accommodation": null, "sensory_friendly:conditional": null, "education": null, "alt_name": null, "branch": null, "building:levels": null }, "geometry": { "type": "Polygon", "coordinates": [ [ [ -99.7826968, 29.2110806 ], [ -99.7826825, 29.2110449 ], [ -99.7829136, 29.2109745 ], [ -99.7830511, 29.2113187 ], [ -99.7827462, 29.2114115 ], [ -99.7826861, 29.2112613 ], [ -99.782659, 29.2112695 ], [ -99.7825958, 29.2111113 ], [ -99.7826968, 29.2110806 ] ] ] } },
{ "type": "Feature", "properties": { "element": "way", "id": 499965610, "amenity": null, "denomination": null, "ele": null, "gnis:feature_id": null, "name": "Memorial Park", "religion": null, "service_times": null, "addr:city": null, "addr:housenumber": null, "addr:postcode": null, "addr:state": null, "addr:street": null, "check_date:opening_hours": null, "fee": null, "opening_hours": null, "source": null, "tourism": null, "website": null, "wheelchair": null, "brand": null, "brand:wikidata": null, "healthcare": null, "phone": null, "short_name": null, "beauty": null, "shop": null, "backrest": null, "smoking": null, "fax": null, "office": null, "check_date": null, "ref": null, "payment:cash": null, "payment:credit_cards": null, "payment:debit_cards": null, "payment:contactless": null, "addr:unit": null, "shoes": null, "clothes": null, "official_name": null, "leisure": "park", "operator": null, "contact:facebook": null, "payment:apple_pay": null, "building": null, "grades": null, "name:en": null, "name:es": null, "old_name": null, "operator:type": null, "mascot": null, "wikidata": null, "wikipedia": null, "emergency": null, "dispensing": null, "drive_through": null, "bin": null, "shelter_type": null, "sport": null, "internet_access": null, "internet_access:fee": null, "government": null, "payment:app:walmart": null, "payment:google_pay": null, "payment:samsung_pay": null, "sensory_friendly:accommodation": null, "sensory_friendly:conditional": null, "education": null, "alt_name": null, "branch": null, "building:levels": null }, "geometry": { "type": "Polygon", "coordinates": [ [ [ -99.7808456, 29.2114213 ], [ -99.7808533, 29.2114396 ], [ -99.7811232, 29.2120774 ], [ -99.7812101, 29.2122101 ], [ -99.781227, 29.2122482 ], [ -99.7812785, 29.2123642 ], [ -99.7813646, 29.212655 ], [ -99.7813753, 29.2126913 ], [ -99.7805581, 29.2129432 ], [ -99.7796841, 29.211833 ], [ -99.7808456, 29.2114213 ] ] ] } },
{ "type": "Feature", "properties": { "element": "way", "id": 499985521, "amenity": null, "denomination": null, "ele": null, "gnis:feature_id": null, "name": null, "religion": null, "service_times": null, "addr:city": null, "addr:housenumber": null, "addr:postcode": null, "addr:state": null, "addr:street": null, "check_date:opening_hours": null, "fee": null, "opening_hours": null, "source": null, "tourism": null, "website": null, "wheelchair": null, "brand": null, "brand:wikidata": null, "healthcare": null, "phone": null, "short_name": null, "beauty": null, "shop": null, "backrest": null, "smoking": null, "fax": null, "office": null, "check_date": null, "ref": null, "payment:cash": null, "payment:credit_cards": null, "payment:debit_cards": null, "payment:contactless": null, "addr:unit": null, "shoes": null, "clothes": null, "official_name": null, "leisure": "sports_centre", "operator": null, "contact:facebook": null, "payment:apple_pay": null, "building": "yes", "grades": null, "name:en": null, "name:es": null, "old_name": null, "operator:type": null, "mascot": null, "wikidata": null, "wikipedia": null, "emergency": null, "dispensing": null, "drive_through": null, "bin": null, "shelter_type": null, "sport": "swimming", "internet_access": null, "internet_access:fee": null, "government": null, "payment:app:walmart": null, "payment:google_pay": null, "payment:samsung_pay": null, "sensory_friendly:accommodation": null, "sensory_friendly:conditional": null, "education": null, "alt_name": null, "branch": null, "building:levels": null }, "geometry": { "type": "Polygon", "coordinates": [ [ [ -99.781872, 29.2125183 ], [ -99.781859, 29.2124854 ], [ -99.781823, 29.2124962 ], [ -99.781745, 29.2122983 ], [ -99.7817854, 29.2122862 ], [ -99.7818724, 29.2122601 ], [ -99.7818912, 29.2123078 ], [ -99.7819037, 29.2123396 ], [ -99.7819633, 29.2124909 ], [ -99.781872, 29.2125183 ] ] ] } },
{ "type": "Feature", "properties": { "element": "node", "id": 13645933287, "amenity": null, "denomination": null, "ele": null, "gnis:feature_id": null, "name": "Uvalde Nails", "religion": null, "service_times": null, "addr:city": "Uvalde", "addr:housenumber": "309B", "addr:postcode": "78801-4609", "addr:state": "TX", "addr:street": "North Getty Street", "check_date:opening_hours": null, "fee": null, "opening_hours": null, "source": null, "tourism": null, "website": "http://www.uvaldenails.com/", "wheelchair": null, "brand": null, "brand:wikidata": null, "healthcare": null, "phone": "+18302615848", "short_name": null, "beauty": "nails", "shop": "beauty", "backrest": null, "smoking": null, "fax": null, "office": null, "check_date": null, "ref": null, "payment:cash": null, "payment:credit_cards": null, "payment:debit_cards": null, "payment:contactless": null, "addr:unit": null, "shoes": null, "clothes": null, "official_name": null, "leisure": null, "operator": null, "contact:facebook": "https://www.facebook.com/113412073535334", "payment:apple_pay": null, "building": null, "grades": null, "name:en": null, "name:es": null, "old_name": null, "operator:type": null, "mascot": null, "wikidata": null, "wikipedia": null, "emergency": null, "dispensing": null, "drive_through": null, "bin": null, "shelter_type": null, "sport": null, "internet_access": null, "internet_access:fee": null, "government": null, "payment:app:walmart": null, "payment:google_pay": null, "payment:samsung_pay": null, "sensory_friendly:accommodation": null, "sensory_friendly:conditional": null, "education": null, "alt_name": null, "branch": null, "building:levels": null }, "geometry": { "type": "Point", "coordinates": [ -99.7876766, 29.21278 ] } },
{ "type": "Feature", "properties": { "element": "node", "id": 13645933289, "amenity": null, "denomination": null, "ele": null, "gnis:feature_id": null, "name": null, "religion": null, "service_times": null, "addr:city": "Uvalde", "addr:housenumber": "311", "addr:postcode": "78801-4609", "addr:state": "TX", "addr:street": "North Getty Street", "check_date:opening_hours": null, "fee": null, "opening_hours": null, "source": null, "tourism": null, "website": null, "wheelchair": null, "brand": null, "brand:wikidata": null, "healthcare": null, "phone": null, "short_name": null, "beauty": null, "shop": "yes", "backrest": null, "smoking": null, "fax": null, "office": null, "check_date": null, "ref": null, "payment:cash": null, "payment:credit_cards": null, "payment:debit_cards": null, "payment:contactless": null, "addr:unit": null, "shoes": null, "clothes": null, "official_name": null, "leisure": null, "operator": null, "contact:facebook": null, "payment:apple_pay": null, "building": null, "grades": null, "name:en": null, "name:es": null, "old_name": null, "operator:type": null, "mascot": null, "wikidata": null, "wikipedia": null, "emergency": null, "dispensing": null, "drive_through": null, "bin": null, "shelter_type": null, "sport": null, "internet_access": null, "internet_access:fee": null, "government": null, "payment:app:walmart": null, "payment:google_pay": null, "payment:samsung_pay": null, "sensory_friendly:accommodation": null, "sensory_friendly:conditional": null, "education": null, "alt_name": null, "branch": null, "building:levels": null }, "geometry": { "type": "Point", "coordinates": [ -99.7877122, 29.2128728 ] } },
{ "type": "Feature", "properties": { "element": "way", "id": 501057298, "amenity": "place_of_worship", "denomination": "presbyterian", "ele": null, "gnis:feature_id": null, "name": "First Presbyterian Church", "religion": "christian", "service_times": null, "addr:city": null, "addr:housenumber": null, "addr:postcode": null, "addr:state": null, "addr:street": null, "check_date:opening_hours": null, "fee": null, "opening_hours": null, "source": null, "tourism": null, "website": null, "wheelchair": null, "brand": null, "brand:wikidata": null, "healthcare": null, "phone": null, "short_name": null, "beauty": null, "shop": null, "backrest": null, "smoking": null, "fax": null, "office": null, "check_date": null, "ref": null, "payment:cash": null, "payment:credit_cards": null, "payment:debit_cards": null, "payment:contactless": null, "addr:unit": null, "shoes": null, "clothes": null, "official_name": null, "leisure": null, "operator": null, "contact:facebook": null, "payment:apple_pay": null, "building": "yes", "grades": null, "name:en": null, "name:es": null, "old_name": null, "operator:type": null, "mascot": null, "wikidata": null, "wikipedia": null, "emergency": null, "dispensing": null, "drive_through": null, "bin": null, "shelter_type": null, "sport": null, "internet_access": null, "internet_access:fee": null, "government": null, "payment:app:walmart": null, "payment:google_pay": null, "payment:samsung_pay": null, "sensory_friendly:accommodation": null, "sensory_friendly:conditional": null, "education": null, "alt_name": null, "branch": null, "building:levels": null }, "geometry": { "type": "Polygon", "coordinates": [ [ [ -99.7873843, 29.2129638 ], [ -99.7871878, 29.2130205 ], [ -99.7872356, 29.2131466 ], [ -99.7871508, 29.2131711 ], [ -99.7871322, 29.213122 ], [ -99.7869555, 29.213173 ], [ -99.786813, 29.212797 ], [ -99.787271, 29.2126647 ], [ -99.7873843, 29.2129638 ] ] ] } },
{ "type": "Feature", "properties": { "element": "node", "id": 13645933290, "amenity": null, "denomination": null, "ele": null, "gnis:feature_id": null, "name": null, "religion": null, "service_times": null, "addr:city": "Uvalde", "addr:housenumber": "313", "addr:postcode": "78801-4609", "addr:state": "TX", "addr:street": "North Getty Street", "check_date:opening_hours": null, "fee": null, "opening_hours": null, "source": null, "tourism": null, "website": null, "wheelchair": null, "brand": null, "brand:wikidata": null, "healthcare": null, "phone": null, "short_name": null, "beauty": null, "shop": "yes", "backrest": null, "smoking": null, "fax": null, "office": null, "check_date": null, "ref": null, "payment:cash": null, "payment:credit_cards": null, "payment:debit_cards": null, "payment:contactless": null, "addr:unit": null, "shoes": null, "clothes": null, "official_name": null, "leisure": null, "operator": null, "contact:facebook": null, "payment:apple_pay": null, "building": null, "grades": null, "name:en": null, "name:es": null, "old_name": null, "operator:type": null, "mascot": null, "wikidata": null, "wikipedia": null, "emergency": null, "dispensing": null, "drive_through": null, "bin": null, "shelter_type": null, "sport": null, "internet_access": null, "internet_access:fee": null, "government": null, "payment:app:walmart": null, "payment:google_pay": null, "payment:samsung_pay": null, "sensory_friendly:accommodation": null, "sensory_friendly:conditional": null, "education": null, "alt_name": null, "branch": null, "building:levels": null }, "geometry": { "type": "Point", "coordinates": [ -99.7877397, 29.212945 ] } },
{ "type": "Feature", "properties": { "element": "node", "id": 13645933291, "amenity": null, "denomination": null, "ele": null, "gnis:feature_id": null, "name": "Liza's Healing Touch", "religion": null, "service_times": null, "addr:city": "Uvalde", "addr:housenumber": "315", "addr:postcode": "78801-4609", "addr:state": "TX", "addr:street": "North Getty Street", "check_date:opening_hours": null, "fee": null, "opening_hours": null, "source": null, "tourism": null, "website": "http://www.massagebook.com/biz/lizashealingtouch", "wheelchair": null, "brand": null, "brand:wikidata": null, "healthcare": null, "phone": "+18304862518", "short_name": null, "beauty": null, "shop": "massage", "backrest": null, "smoking": null, "fax": null, "office": null, "check_date": null, "ref": null, "payment:cash": null, "payment:credit_cards": null, "payment:debit_cards": null, "payment:contactless": null, "addr:unit": null, "shoes": null, "clothes": null, "official_name": null, "leisure": null, "operator": null, "contact:facebook": "https://www.facebook.com/846185622128836", "payment:apple_pay": null, "building": null, "grades": null, "name:en": null, "name:es": null, "old_name": null, "operator:type": null, "mascot": null, "wikidata": null, "wikipedia": null, "emergency": null, "dispensing": null, "drive_through": null, "bin": null, "shelter_type": null, "sport": null, "internet_access": null, "internet_access:fee": null, "government": null, "payment:app:walmart": null, "payment:google_pay": null, "payment:samsung_pay": null, "sensory_friendly:accommodation": null, "sensory_friendly:conditional": null, "education": null, "alt_name": null, "branch": null, "building:levels": null }, "geometry": { "type": "Point", "coordinates": [ -99.7877581, 29.2129866 ] } },
{ "type": "Feature", "properties": { "element": "node", "id": 13645933292, "amenity": null, "denomination": null, "ele": null, "gnis:feature_id": null, "name": "Ventura Boutique", "religion": null, "service_times": null, "addr:city": "Uvalde", "addr:housenumber": "317", "addr:postcode": "78801-4609", "addr:state": "TX", "addr:street": "North Getty Street", "check_date:opening_hours": null, "fee": null, "opening_hours": null, "source": null, "tourism": null, "website": "https://venturaboutiqueuvalde.com/", "wheelchair": null, "brand": null, "brand:wikidata": null, "healthcare": null, "phone": "+18304075022", "short_name": null, "beauty": null, "shop": "clothes", "backrest": null, "smoking": null, "fax": null, "office": null, "check_date": null, "ref": null, "payment:cash": null, "payment:credit_cards": null, "payment:debit_cards": null, "payment:contactless": null, "addr:unit": null, "shoes": null, "clothes": null, "official_name": null, "leisure": null, "operator": null, "contact:facebook": "https://www.facebook.com/101658486154600", "payment:apple_pay": null, "building": null, "grades": null, "name:en": null, "name:es": null, "old_name": null, "operator:type": null, "mascot": null, "wikidata": null, "wikipedia": null, "emergency": null, "dispensing": null, "drive_through": null, "bin": null, "shelter_type": null, "sport": null, "internet_access": null, "internet_access:fee": null, "government": null, "payment:app:walmart": null, "payment:google_pay": null, "payment:samsung_pay": null, "sensory_friendly:accommodation": null, "sensory_friendly:conditional": null, "education": null, "alt_name": null, "branch": null, "building:levels": null }, "geometry": { "type": "Point", "coordinates": [ -99.7877845, 29.2130387 ] } },
{ "type": "Feature", "properties": { "element": "node", "id": 13645933293, "amenity": null, "denomination": null, "ele": null, "gnis:feature_id": null, "name": null, "religion": null, "service_times": null, "addr:city": "Uvalde", "addr:housenumber": "319", "addr:postcode": "78801-4609", "addr:state": "TX", "addr:street": "North Getty Street", "check_date:opening_hours": null, "fee": null, "opening_hours": null, "source": null, "tourism": null, "website": null, "wheelchair": null, "brand": null, "brand:wikidata": null, "healthcare": null, "phone": null, "short_name": null, "beauty": null, "shop": "yes", "backrest": null, "smoking": null, "fax": null, "office": null, "check_date": null, "ref": null, "payment:cash": null, "payment:credit_cards": null, "payment:debit_cards": null, "payment:contactless": null, "addr:unit": null, "shoes": null, "clothes": null, "official_name": null, "leisure": null, "operator": null, "contact:facebook": null, "payment:apple_pay": null, "building": null, "grades": null, "name:en": null, "name:es": null, "old_name": null, "operator:type": null, "mascot": null, "wikidata": null, "wikipedia": null, "emergency": null, "dispensing": null, "drive_through": null, "bin": null, "shelter_type": null, "sport": null, "internet_access": null, "internet_access:fee": null, "government": null, "payment:app:walmart": null, "payment:google_pay": null, "payment:samsung_pay": null, "sensory_friendly:accommodation": null, "sensory_friendly:conditional": null, "education": null, "alt_name": null, "branch": null, "building:levels": null }, "geometry": { "type": "Point", "coordinates": [ -99.7878138, 29.2131156 ] } },
{ "type": "Feature", "properties": { "element": "way", "id": 501057299, "amenity": "school", "denomination": null, "ele": null, "gnis:feature_id": null, "name": "Saint Philip's Episcopal Church and School", "religion": null, "service_times": null, "addr:city": null, "addr:housenumber": null, "addr:postcode": null, "addr:state": null, "addr:street": null, "check_date:opening_hours": null, "fee": null, "opening_hours": null, "source": null, "tourism": null, "website": null, "wheelchair": null, "brand": null, "brand:wikidata": null, "healthcare": null, "phone": null, "short_name": null, "beauty": null, "shop": null, "backrest": null, "smoking": null, "fax": null, "office": null, "check_date": null, "ref": null, "payment:cash": null, "payment:credit_cards": null, "payment:debit_cards": null, "payment:contactless": null, "addr:unit": null, "shoes": null, "clothes": null, "official_name": null, "leisure": null, "operator": null, "contact:facebook": null, "payment:apple_pay": null, "building": null, "grades": null, "name:en": null, "name:es": null, "old_name": null, "operator:type": null, "mascot": null, "wikidata": null, "wikipedia": null, "emergency": null, "dispensing": null, "drive_through": null, "bin": null, "shelter_type": null, "sport": null, "internet_access": null, "internet_access:fee": null, "government": null, "payment:app:walmart": null, "payment:google_pay": null, "payment:samsung_pay": null, "sensory_friendly:accommodation": null, "sensory_friendly:conditional": null, "education": null, "alt_name": null, "branch": null, "building:levels": null }, "geometry": { "type": "Polygon", "coordinates": [ [ [ -99.7878413, 29.2132509 ], [ -99.7885512, 29.2130307 ], [ -99.7888044, 29.2136524 ], [ -99.7880946, 29.2138727 ], [ -99.7878413, 29.2132509 ] ] ] } },
{ "type": "Feature", "properties": { "element": "way", "id": 323735412, "amenity": "school", "denomination": null, "ele": "275", "gnis:feature_id": "2009056", "name": "Uvalde High School", "religion": null, "service_times": null, "addr:city": "Uvalde", "addr:housenumber": "1", "addr:postcode": "78801", "addr:state": "TX", "addr:street": "Coyote Trail", "check_date:opening_hours": null, "fee": null, "opening_hours": null, "source": null, "tourism": null, "website": "https://uhs.ucisd.net/", "wheelchair": null, "brand": null, "brand:wikidata": null, "healthcare": null, "phone": null, "short_name": null, "beauty": null, "shop": null, "backrest": null, "smoking": null, "fax": null, "office": null, "check_date": null, "ref": null, "payment:cash": null, "payment:credit_cards": null, "payment:debit_cards": null, "payment:contactless": null, "addr:unit": null, "shoes": null, "clothes": null, "official_name": null, "leisure": null, "operator": "Uvalde Consolidated Independent School District", "contact:facebook": null, "payment:apple_pay": null, "building": null, "grades": "9-12", "name:en": null, "name:es": null, "old_name": null, "operator:type": "public", "mascot": "Coyotes", "wikidata": "Q112123616", "wikipedia": "en:Uvalde High School", "emergency": null, "dispensing": null, "drive_through": null, "bin": null, "shelter_type": null, "sport": null, "internet_access": null, "internet_access:fee": null, "government": null, "payment:app:walmart": null, "payment:google_pay": null, "payment:samsung_pay": null, "sensory_friendly:accommodation": null, "sensory_friendly:conditional": null, "education": null, "alt_name": null, "branch": null, "building:levels": null }, "geometry": { "type": "Polygon", "coordinates": [ [ [ -99.7817772, 29.2198038 ], [ -99.7835853, 29.2190767 ], [ -99.7838456, 29.2193452 ], [ -99.7840681, 29.2198534 ], [ -99.783964, 29.2206217 ], [ -99.7839687, 29.2212249 ], [ -99.7839166, 29.2220221 ], [ -99.7839498, 29.2223361 ], [ -99.7841236, 29.2229094 ], [ -99.7832358, 29.2231484 ], [ -99.7815174, 29.2238926 ], [ -99.7808447, 29.2226482 ], [ -99.7807978, 29.222362 ], [ -99.7808012, 29.2219063 ], [ -99.7808949, 29.2213367 ], [ -99.7809284, 29.2207642 ], [ -99.7808815, 29.2203494 ], [ -99.7817772, 29.2198038 ] ] ] } },
{ "type": "Feature", "properties": { "element": "way", "id": 1063429379, "amenity": "school", "denomination": null, "ele": null, "gnis:feature_id": null, "name": "Morales Junior High", "religion": null, "service_times": null, "addr:city": "Uvalde", "addr:housenumber": "615", "addr:postcode": "78801", "addr:state": "TX", "addr:street": "Studer Street", "check_date:opening_hours": null, "fee": null, "opening_hours": null, "source": null, "tourism": null, "website": null, "wheelchair": null, "brand": null, "brand:wikidata": null, "healthcare": null, "phone": null, "short_name": null, "beauty": null, "shop": null, "backrest": null, "smoking": null, "fax": null, "office": null, "check_date": null, "ref": null, "payment:cash": null, "payment:credit_cards": null, "payment:debit_cards": null, "payment:contactless": null, "addr:unit": null, "shoes": null, "clothes": null, "official_name": null, "leisure": null, "operator": "Uvalde CISD", "contact:facebook": null, "payment:apple_pay": null, "building": null, "grades": null, "name:en": null, "name:es": null, "old_name": null, "operator:type": "public", "mascot": null, "wikidata": null, "wikipedia": null, "emergency": null, "dispensing": null, "drive_through": null, "bin": null, "shelter_type": null, "sport": null, "internet_access": null, "internet_access:fee": null, "government": null, "payment:app:walmart": null, "payment:google_pay": null, "payment:samsung_pay": null, "sensory_friendly:accommodation": null, "sensory_friendly:conditional": null, "education": null, "alt_name": null, "branch": null, "building:levels": null }, "geometry": { "type": "Polygon", "coordinates": [ [ [ -99.7832358, 29.2231484 ], [ -99.7841236, 29.2229094 ], [ -99.7843624, 29.2235577 ], [ -99.7843829, 29.2244056 ], [ -99.7841301, 29.2252096 ], [ -99.7824902, 29.2258849 ], [ -99.7815174, 29.2238926 ], [ -99.7832358, 29.2231484 ] ] ] } },
{ "type": "Feature", "properties": { "element": "way", "id": 925605507, "amenity": "school", "denomination": null, "ele": "280", "gnis:feature_id": "2009047", "name": "Uvalde Elementary @Flores", "religion": null, "service_times": null, "addr:city": "Uvalde", "addr:housenumber": "901", "addr:postcode": "78801", "addr:state": "TX", "addr:street": "North Getty Street", "check_date:opening_hours": null, "fee": null, "opening_hours": null, "source": null, "tourism": null, "website": "https://uvalde.ucisd.net/", "wheelchair": null, "brand": null, "brand:wikidata": null, "healthcare": null, "phone": null, "short_name": null, "beauty": null, "shop": null, "backrest": null, "smoking": null, "fax": null, "office": null, "check_date": null, "ref": null, "payment:cash": null, "payment:credit_cards": null, "payment:debit_cards": null, "payment:contactless": null, "addr:unit": null, "shoes": null, "clothes": null, "official_name": null, "leisure": null, "operator": "Uvalde Consolidated Independent School District", "contact:facebook": null, "payment:apple_pay": null, "building": null, "grades": "5-6", "name:en": null, "name:es": null, "old_name": null, "operator:type": "public", "mascot": null, "wikidata": null, "wikipedia": null, "emergency": null, "dispensing": null, "drive_through": null, "bin": null, "shelter_type": null, "sport": null, "internet_access": null, "internet_access:fee": null, "government": null, "payment:app:walmart": null, "payment:google_pay": null, "payment:samsung_pay": null, "sensory_friendly:accommodation": null, "sensory_friendly:conditional": null, "education": null, "alt_name": null, "branch": null, "building:levels": null }, "geometry": { "type": "Polygon", "coordinates": [ [ [ -99.7918994, 29.2232261 ], [ -99.7912855, 29.2217252 ], [ -99.7930843, 29.2210339 ], [ -99.7937028, 29.2224953 ], [ -99.7918994, 29.2232261 ] ] ] } },
{ "type": "Feature", "properties": { "element": "way", "id": 1064411047, "amenity": null, "denomination": null, "ele": null, "gnis:feature_id": null, "name": "Uvalde Consolidated Independent School District", "religion": null, "service_times": null, "addr:city": "Uvalde", "addr:housenumber": "1000", "addr:postcode": "78801", "addr:state": "TX", "addr:street": "North Getty Street", "check_date:opening_hours": null, "fee": null, "opening_hours": null, "source": null, "tourism": null, "website": null, "wheelchair": null, "brand": null, "brand:wikidata": null, "healthcare": null, "phone": null, "short_name": null, "beauty": null, "shop": null, "backrest": null, "smoking": null, "fax": null, "office": "government", "check_date": null, "ref": null, "payment:cash": null, "payment:credit_cards": null, "payment:debit_cards": null, "payment:contactless": null, "addr:unit": null, "shoes": null, "clothes": null, "official_name": null, "leisure": null, "operator": null, "contact:facebook": null, "payment:apple_pay": null, "building": "yes", "grades": null, "name:en": null, "name:es": null, "old_name": null, "operator:type": null, "mascot": null, "wikidata": "Q7903625", "wikipedia": "en:Uvalde Consolidated Independent School District", "emergency": null, "dispensing": null, "drive_through": null, "bin": null, "shelter_type": null, "sport": null, "internet_access": null, "internet_access:fee": null, "government": "education", "payment:app:walmart": null, "payment:google_pay": null, "payment:samsung_pay": null, "sensory_friendly:accommodation": null, "sensory_friendly:conditional": null, "education": null, "alt_name": null, "branch": null, "building:levels": null }, "geometry": { "type": "Polygon", "coordinates": [ [ [ -99.7912904, 29.2232364 ], [ -99.7914362, 29.2231921 ], [ -99.7915741, 29.2235379 ], [ -99.7914284, 29.2235822 ], [ -99.7912904, 29.2232364 ] ] ] } },
{ "type": "Feature", "properties": { "element": "way", "id": 1273943523, "amenity": null, "denomination": null, "ele": "284", "gnis:feature_id": "1384574", "name": "Honey Bowl Stadium", "religion": null, "service_times": null, "addr:city": null, "addr:housenumber": null, "addr:postcode": null, "addr:state": null, "addr:street": null, "check_date:opening_hours": null, "fee": null, "opening_hours": null, "source": null, "tourism": null, "website": null, "wheelchair": null, "brand": null, "brand:wikidata": null, "healthcare": null, "phone": null, "short_name": null, "beauty": null, "shop": null, "backrest": null, "smoking": null, "fax": null, "office": null, "check_date": null, "ref": null, "payment:cash": null, "payment:credit_cards": null, "payment:debit_cards": null, "payment:contactless": null, "addr:unit": null, "shoes": null, "clothes": null, "official_name": null, "leisure": "stadium", "operator": null, "contact:facebook": null, "payment:apple_pay": null, "building": null, "grades": null, "name:en": null, "name:es": null, "old_name": null, "operator:type": null, "mascot": null, "wikidata": null, "wikipedia": null, "emergency": null, "dispensing": null, "drive_through": null, "bin": null, "shelter_type": null, "sport": null, "internet_access": null, "internet_access:fee": null, "government": null, "payment:app:walmart": null, "payment:google_pay": null, "payment:samsung_pay": null, "sensory_friendly:accommodation": null, "sensory_friendly:conditional": null, "education": null, "alt_name": null, "branch": null, "building:levels": null }, "geometry": { "type": "Polygon", "coordinates": [ [ [ -99.7948035, 29.230187 ], [ -99.7946236, 29.2297703 ], [ -99.7949304, 29.2282952 ], [ -99.7962319, 29.2284984 ], [ -99.7958708, 29.2303509 ], [ -99.7948035, 29.230187 ] ] ] } },
{ "type": "Feature", "properties": { "element": "node", "id": 11804719974, "amenity": null, "denomination": null, "ele": null, "gnis:feature_id": null, "name": "Bottle & Bag", "religion": null, "service_times": null, "addr:city": null, "addr:housenumber": null, "addr:postcode": null, "addr:state": null, "addr:street": null, "check_date:opening_hours": null, "fee": null, "opening_hours": null, "source": null, "tourism": null, "website": null, "wheelchair": null, "brand": null, "brand:wikidata": null, "healthcare": null, "phone": null, "short_name": null, "beauty": null, "shop": "alcohol", "backrest": null, "smoking": null, "fax": null, "office": null, "check_date": null, "ref": null, "payment:cash": null, "payment:credit_cards": null, "payment:debit_cards": null, "payment:contactless": null, "addr:unit": null, "shoes": null, "clothes": null, "official_name": null, "leisure": null, "operator": null, "contact:facebook": null, "payment:apple_pay": null, "building": null, "grades": null, "name:en": null, "name:es": null, "old_name": null, "operator:type": null, "mascot": null, "wikidata": null, "wikipedia": null, "emergency": null, "dispensing": null, "drive_through": null, "bin": null, "shelter_type": null, "sport": null, "internet_access": null, "internet_access:fee": null, "government": null, "payment:app:walmart": null, "payment:google_pay": null, "payment:samsung_pay": null, "sensory_friendly:accommodation": null, "sensory_friendly:conditional": null, "education": null, "alt_name": null, "branch": null, "building:levels": null }, "geometry": { "type": "Point", "coordinates": [ -99.7931763, 29.2308576 ] } },
{ "type": "Feature", "properties": { "element": "node", "id": 11804719975, "amenity": "place_of_worship", "denomination": null, "ele": null, "gnis:feature_id": null, "name": "Uvalde Mennonite Church", "religion": null, "service_times": null, "addr:city": null, "addr:housenumber": null, "addr:postcode": null, "addr:state": null, "addr:street": null, "check_date:opening_hours": null, "fee": null, "opening_hours": null, "source": null, "tourism": null, "website": null, "wheelchair": null, "brand": null, "brand:wikidata": null, "healthcare": null, "phone": null, "short_name": null, "beauty": null, "shop": null, "backrest": null, "smoking": null, "fax": null, "office": null, "check_date": null, "ref": null, "payment:cash": null, "payment:credit_cards": null, "payment:debit_cards": null, "payment:contactless": null, "addr:unit": null, "shoes": null, "clothes": null, "official_name": null, "leisure": null, "operator": null, "contact:facebook": null, "payment:apple_pay": null, "building": null, "grades": null, "name:en": null, "name:es": null, "old_name": null, "operator:type": null, "mascot": null, "wikidata": null, "wikipedia": null, "emergency": null, "dispensing": null, "drive_through": null, "bin": null, "shelter_type": null, "sport": null, "internet_access": null, "internet_access:fee": null, "government": null, "payment:app:walmart": null, "payment:google_pay": null, "payment:samsung_pay": null, "sensory_friendly:accommodation": null, "sensory_friendly:conditional": null, "education": null, "alt_name": null, "branch": null, "building:levels": null }, "geometry": { "type": "Point", "coordinates": [ -99.8220716, 29.2519964 ] } },
{ "type": "Feature", "properties": { "element": "way", "id": 499956932, "amenity": "shelter", "denomination": null, "ele": null, "gnis:feature_id": null, "name": null, "religion": null, "service_times": null, "addr:city": null, "addr:housenumber": null, "addr:postcode": null, "addr:state": null, "addr:street": null, "check_date:opening_hours": null, "fee": null, "opening_hours": null, "source": null, "tourism": null, "website": null, "wheelchair": null, "brand": null, "brand:wikidata": null, "healthcare": null, "phone": null, "short_name": null, "beauty": null, "shop": null, "backrest": null, "smoking": null, "fax": null, "office": null, "check_date": null, "ref": null, "payment:cash": null, "payment:credit_cards": null, "payment:debit_cards": null, "payment:contactless": null, "addr:unit": null, "shoes": null, "clothes": null, "official_name": null, "leisure": null, "operator": null, "contact:facebook": null, "payment:apple_pay": null, "building": null, "grades": null, "name:en": null, "name:es": null, "old_name": null, "operator:type": null, "mascot": null, "wikidata": null, "wikipedia": null, "emergency": null, "dispensing": null, "drive_through": null, "bin": "yes", "shelter_type": "picnic_shelter", "sport": null, "internet_access": null, "internet_access:fee": null, "government": null, "payment:app:walmart": null, "payment:google_pay": null, "payment:samsung_pay": null, "sensory_friendly:accommodation": null, "sensory_friendly:conditional": null, "education": null, "alt_name": null, "branch": null, "building:levels": null }, "geometry": { "type": "Polygon", "coordinates": [ [ [ -99.7793885, 29.2095506 ], [ -99.7794065, 29.2095615 ], [ -99.7794192, 29.2095771 ], [ -99.7794251, 29.2095955 ], [ -99.7794236, 29.2096146 ], [ -99.7794148, 29.2096321 ], [ -99.7794011, 29.2096452 ], [ -99.7793833, 29.2096538 ], [ -99.7793633, 29.2096571 ], [ -99.7793432, 29.2096548 ], [ -99.7793248, 29.2096471 ], [ -99.7793102, 29.2096348 ], [ -99.7793007, 29.2096191 ], [ -99.7792974, 29.2096016 ], [ -99.7793005, 29.209584 ], [ -99.7793098, 29.2095682 ], [ -99.7793255, 29.209555 ], [ -99.7793455, 29.2095471 ], [ -99.7793674, 29.2095456 ], [ -99.7793885, 29.2095506 ] ] ] } },
{ "type": "Feature", "properties": { "element": "way", "id": 499964396, "amenity": null, "denomination": null, "ele": null, "gnis:feature_id": null, "name": "Uvalde Memorial Park", "religion": null, "service_times": null, "addr:city": null, "addr:housenumber": null, "addr:postcode": null, "addr:state": null, "addr:street": null, "check_date:opening_hours": null, "fee": null, "opening_hours": null, "source": null, "tourism": null, "website": null, "wheelchair": null, "brand": null, "brand:wikidata": null, "healthcare": null, "phone": null, "short_name": null, "beauty": null, "shop": null, "backrest": null, "smoking": null, "fax": null, "office": null, "check_date": null, "ref": null, "payment:cash": null, "payment:credit_cards": null, "payment:debit_cards": null, "payment:contactless": null, "addr:unit": null, "shoes": null, "clothes": null, "official_name": null, "leisure": "park", "operator": null, "contact:facebook": null, "payment:apple_pay": null, "building": null, "grades": null, "name:en": null, "name:es": null, "old_name": null, "operator:type": null, "mascot": null, "wikidata": null, "wikipedia": null, "emergency": null, "dispensing": null, "drive_through": null, "bin": null, "shelter_type": null, "sport": null, "internet_access": null, "internet_access:fee": null, "government": null, "payment:app:walmart": null, "payment:google_pay": null, "payment:samsung_pay": null, "sensory_friendly:accommodation": null, "sensory_friendly:conditional": null, "education": null, "alt_name": null, "branch": null, "building:levels": null }, "geometry": { "type": "Polygon", "coordinates": [ [ [ -99.7792771, 29.211649 ], [ -99.7783959, 29.2103685 ], [ -99.7781433, 29.2094596 ], [ -99.7786602, 29.2090975 ], [ -99.7786636, 29.2091595 ], [ -99.7787036, 29.2092401 ], [ -99.778742, 29.2092784 ], [ -99.7787799, 29.2093084 ], [ -99.7788215, 29.2093309 ], [ -99.7788547, 29.2093379 ], [ -99.7789055, 29.2093403 ], [ -99.778956, 29.2093373 ], [ -99.7790156, 29.2093244 ], [ -99.7790689, 29.2092881 ], [ -99.7791155, 29.2092385 ], [ -99.7791415, 29.2091881 ], [ -99.7791078, 29.2091756 ], [ -99.7791234, 29.2091328 ], [ -99.7791681, 29.2090953 ], [ -99.7792068, 29.2090801 ], [ -99.7792671, 29.2090782 ], [ -99.7793149, 29.2090908 ], [ -99.7793976, 29.209128 ], [ -99.7797208, 29.2095295 ], [ -99.7799611, 29.2098522 ], [ -99.7798933, 29.2100673 ], [ -99.7799611, 29.2102287 ], [ -99.7799919, 29.2103524 ], [ -99.7803062, 29.2107827 ], [ -99.780396, 29.2110266 ], [ -99.7803924, 29.211299 ], [ -99.7792771, 29.211649 ] ] ] } },
{ "type": "Feature", "properties": { "element": "node", "id": 748741183, "amenity": null, "denomination": null, "ele": null, "gnis:feature_id": null, "name": "Memorial Park", "religion": null, "service_times": null, "addr:city": null, "addr:housenumber": null, "addr:postcode": null, "addr:state": null, "addr:street": null, "check_date:opening_hours": null, "fee": null, "opening_hours": null, "source": null, "tourism": "picnic_site", "website": null, "wheelchair": null, "brand": null, "brand:wikidata": null, "healthcare": null, "phone": null, "short_name": null, "beauty": null, "shop": null, "backrest": null, "smoking": null, "fax": null, "office": null, "check_date": null, "ref": null, "payment:cash": null, "payment:credit_cards": null, "payment:debit_cards": null, "payment:contactless": null, "addr:unit": null, "shoes": null, "clothes": null, "official_name": null, "leisure": null, "operator": null, "contact:facebook": null, "payment:apple_pay": null, "building": null, "grades": null, "name:en": null, "name:es": null, "old_name": null, "operator:type": null, "mascot": null, "wikidata": null, "wikipedia": null, "emergency": null, "dispensing": null, "drive_through": null, "bin": null, "shelter_type": null, "sport": null, "internet_access": null, "internet_access:fee": null, "government": null, "payment:app:walmart": null, "payment:google_pay": null, "payment:samsung_pay": null, "sensory_friendly:accommodation": null, "sensory_friendly:conditional": null, "education": null, "alt_name": null, "branch": null, "building:levels": null }, "geometry": { "type": "Point", "coordinates": [ -99.7795505, 29.2106829 ] } },
{ "type": "Feature", "properties": { "element": "node", "id": 9776276807, "amenity": null, "denomination": null, "ele": null, "gnis:feature_id": null, "name": "Tractor Supply Company", "religion": null, "service_times": null, "addr:city": "Uvalde", "addr:housenumber": "421", "addr:postcode": "78801", "addr:state": "TX", "addr:street": "East Main Street", "check_date:opening_hours": null, "fee": null, "opening_hours": "Mo-Sa 08:00-21:00; Su 09:00-19:00", "source": null, "tourism": null, "website": null, "wheelchair": null, "brand": "Tractor Supply Company", "brand:wikidata": "Q15109925", "healthcare": null, "phone": "+1 830-278-3435", "short_name": null, "beauty": null, "shop": "country_store", "backrest": null, "smoking": null, "fax": null, "office": null, "check_date": "2024-04-09", "ref": "390", "payment:cash": null, "payment:credit_cards": null, "payment:debit_cards": null, "payment:contactless": null, "addr:unit": null, "shoes": null, "clothes": null, "official_name": null, "leisure": null, "operator": null, "contact:facebook": null, "payment:apple_pay": null, "building": null, "grades": null, "name:en": null, "name:es": null, "old_name": null, "operator:type": null, "mascot": null, "wikidata": null, "wikipedia": null, "emergency": null, "dispensing": null, "drive_through": null, "bin": null, "shelter_type": null, "sport": null, "internet_access": null, "internet_access:fee": null, "government": null, "payment:app:walmart": null, "payment:google_pay": null, "payment:samsung_pay": null, "sensory_friendly:accommodation": null, "sensory_friendly:conditional": null, "education": null, "alt_name": null, "branch": null, "building:levels": null }, "geometry": { "type": "Point", "coordinates": [ -99.7782254, 29.2110809 ] } },
{ "type": "Feature", "properties": { "element": "node", "id": 9776276808, "amenity": null, "denomination": null, "ele": null, "gnis:feature_id": null, "name": "Dollar General", "religion": null, "service_times": null, "addr:city": "Uvalde", "addr:housenumber": "423", "addr:postcode": "78801", "addr:state": "TX", "addr:street": "East Main Street", "check_date:opening_hours": null, "fee": null, "opening_hours": null, "source": null, "tourism": null, "website": "https://www.dollargeneral.com/store-directory/tx/uvalde/3780", "wheelchair": null, "brand": "Dollar General", "brand:wikidata": "Q145168", "healthcare": null, "phone": null, "short_name": null, "beauty": null, "shop": "variety_store", "backrest": null, "smoking": null, "fax": null, "office": null, "check_date": "2024-04-09", "ref": null, "payment:cash": null, "payment:credit_cards": null, "payment:debit_cards": null, "payment:contactless": null, "addr:unit": null, "shoes": null, "clothes": null, "official_name": null, "leisure": null, "operator": null, "contact:facebook": null, "payment:apple_pay": null, "building": null, "grades": null, "name:en": null, "name:es": null, "old_name": null, "operator:type": null, "mascot": null, "wikidata": null, "wikipedia": null, "emergency": null, "dispensing": null, "drive_through": null, "bin": null, "shelter_type": null, "sport": null, "internet_access": null, "internet_access:fee": null, "government": null, "payment:app:walmart": null, "payment:google_pay": null, "payment:samsung_pay": null, "sensory_friendly:accommodation": null, "sensory_friendly:conditional": null, "education": null, "alt_name": null, "branch": null, "building:levels": null }, "geometry": { "type": "Point", "coordinates": [ -99.7778494, 29.2111903 ] } },
{ "type": "Feature", "properties": { "element": "node", "id": 13419235549, "amenity": null, "denomination": null, "ele": null, "gnis:feature_id": null, "name": "EZPAWN", "religion": null, "service_times": null, "addr:city": null, "addr:housenumber": null, "addr:postcode": null, "addr:state": null, "addr:street": null, "check_date:opening_hours": null, "fee": null, "opening_hours": null, "source": null, "tourism": null, "website": null, "wheelchair": null, "brand": "EZPAWN", "brand:wikidata": null, "healthcare": null, "phone": null, "short_name": null, "beauty": null, "shop": "pawnbroker", "backrest": null, "smoking": null, "fax": null, "office": null, "check_date": null, "ref": null, "payment:cash": null, "payment:credit_cards": null, "payment:debit_cards": null, "payment:contactless": null, "addr:unit": null, "shoes": null, "clothes": null, "official_name": null, "leisure": null, "operator": null, "contact:facebook": null, "payment:apple_pay": null, "building": null, "grades": null, "name:en": null, "name:es": null, "old_name": null, "operator:type": null, "mascot": null, "wikidata": null, "wikipedia": null, "emergency": null, "dispensing": null, "drive_through": null, "bin": null, "shelter_type": null, "sport": null, "internet_access": null, "internet_access:fee": null, "government": null, "payment:app:walmart": null, "payment:google_pay": null, "payment:samsung_pay": null, "sensory_friendly:accommodation": null, "sensory_friendly:conditional": null, "education": null, "alt_name": null, "branch": null, "building:levels": null }, "geometry": { "type": "Point", "coordinates": [ -99.779342, 29.2122158 ] } },
{ "type": "Feature", "properties": { "element": "way", "id": 323735413, "amenity": "hospital", "denomination": null, "ele": null, "gnis:feature_id": "2015691", "name": "Uvalde Memorial Hospital", "religion": null, "service_times": null, "addr:city": "Uvalde", "addr:housenumber": "1025", "addr:postcode": "78801", "addr:state": "TX", "addr:street": "Garner Field Road", "check_date:opening_hours": null, "fee": null, "opening_hours": "24/7", "source": null, "tourism": null, "website": "https://www.umhtx.org/", "wheelchair": null, "brand": null, "brand:wikidata": null, "healthcare": "hospital", "phone": "+1 830 278 6251", "short_name": null, "beauty": null, "shop": null, "backrest": null, "smoking": null, "fax": null, "office": null, "check_date": null, "ref": null, "payment:cash": null, "payment:credit_cards": null, "payment:debit_cards": null, "payment:contactless": null, "addr:unit": null, "shoes": null, "clothes": null, "official_name": null, "leisure": null, "operator": null, "contact:facebook": null, "payment:apple_pay": null, "building": null, "grades": null, "name:en": null, "name:es": null, "old_name": null, "operator:type": null, "mascot": null, "wikidata": null, "wikipedia": null, "emergency": "yes", "dispensing": null, "drive_through": null, "bin": null, "shelter_type": null, "sport": null, "internet_access": null, "internet_access:fee": null, "government": null, "payment:app:walmart": null, "payment:google_pay": null, "payment:samsung_pay": null, "sensory_friendly:accommodation": null, "sensory_friendly:conditional": null, "education": null, "alt_name": null, "branch": null, "building:levels": null }, "geometry": { "type": "Polygon", "coordinates": [ [ [ -99.7672319, 29.2148776 ], [ -99.7666321, 29.2137613 ], [ -99.7690045, 29.2128176 ], [ -99.7699796, 29.2146481 ], [ -99.7683456, 29.2151203 ], [ -99.7675404, 29.2153529 ], [ -99.7672319, 29.2148776 ] ] ] } },
{ "type": "Feature", "properties": { "element": "node", "id": 13419235557, "amenity": null, "denomination": null, "ele": null, "gnis:feature_id": null, "name": "minits", "religion": null, "service_times": null, "addr:city": null, "addr:housenumber": null, "addr:postcode": null, "addr:state": null, "addr:street": null, "check_date:opening_hours": null, "fee": null, "opening_hours": null, "source": null, "tourism": null, "website": null, "wheelchair": null, "brand": null, "brand:wikidata": null, "healthcare": null, "phone": null, "short_name": null, "beauty": null, "shop": "convenience", "backrest": null, "smoking": null, "fax": null, "office": null, "check_date": null, "ref": null, "payment:cash": null, "payment:credit_cards": null, "payment:debit_cards": null, "payment:contactless": null, "addr:unit": null, "shoes": null, "clothes": null, "official_name": null, "leisure": null, "operator": null, "contact:facebook": null, "payment:apple_pay": null, "building": null, "grades": null, "name:en": null, "name:es": null, "old_name": null, "operator:type": null, "mascot": null, "wikidata": null, "wikipedia": null, "emergency": null, "dispensing": null, "drive_through": null, "bin": null, "shelter_type": null, "sport": null, "internet_access": null, "internet_access:fee": null, "government": null, "payment:app:walmart": null, "payment:google_pay": null, "payment:samsung_pay": null, "sensory_friendly:accommodation": null, "sensory_friendly:conditional": null, "education": null, "alt_name": null, "branch": null, "building:levels": null }, "geometry": { "type": "Point", "coordinates": [ -99.7734574, 29.214322 ] } },
{ "type": "Feature", "properties": { "element": "way", "id": 1474778766, "amenity": null, "denomination": null, "ele": null, "gnis:feature_id": null, "name": "Hotel Isabella", "religion": null, "service_times": null, "addr:city": "Uvalde", "addr:housenumber": "801", "addr:postcode": "78801", "addr:state": "TX", "addr:street": "East Main Street", "check_date:opening_hours": null, "fee": null, "opening_hours": null, "source": null, "tourism": "hotel", "website": "https://hotelisabella.com", "wheelchair": null, "brand": "Hotel Isabella", "brand:wikidata": null, "healthcare": null, "phone": "+1-830-278-9173", "short_name": null, "beauty": null, "shop": null, "backrest": null, "smoking": null, "fax": null, "office": null, "check_date": null, "ref": null, "payment:cash": null, "payment:credit_cards": null, "payment:debit_cards": null, "payment:contactless": null, "addr:unit": null, "shoes": null, "clothes": null, "official_name": null, "leisure": null, "operator": "Hotel Isabella", "contact:facebook": null, "payment:apple_pay": null, "building": "yes", "grades": null, "name:en": null, "name:es": null, "old_name": null, "operator:type": null, "mascot": null, "wikidata": null, "wikipedia": null, "emergency": null, "dispensing": null, "drive_through": null, "bin": null, "shelter_type": null, "sport": null, "internet_access": "wlan", "internet_access:fee": "customers", "government": null, "payment:app:walmart": null, "payment:google_pay": null, "payment:samsung_pay": null, "sensory_friendly:accommodation": null, "sensory_friendly:conditional": null, "education": null, "alt_name": null, "branch": null, "building:levels": null }, "geometry": { "type": "Polygon", "coordinates": [ [ [ -99.7729925, 29.2145104 ], [ -99.773016, 29.2145513 ], [ -99.7729873, 29.2145631 ], [ -99.7729084, 29.2144231 ], [ -99.7728592, 29.2143381 ], [ -99.7729779, 29.214292 ], [ -99.7730187, 29.2143671 ], [ -99.7730768, 29.2143451 ], [ -99.773133, 29.2144433 ], [ -99.7729925, 29.2145104 ] ] ] } },
{ "type": "Feature", "properties": { "element": "node", "id": 13529401717, "amenity": null, "denomination": null, "ele": null, "gnis:feature_id": null, "name": null, "religion": null, "service_times": null, "addr:city": "Uvalde", "addr:housenumber": "801", "addr:postcode": "78801", "addr:state": "TX", "addr:street": "East Main Street", "check_date:opening_hours": null, "fee": null, "opening_hours": null, "source": null, "tourism": null, "website": null, "wheelchair": null, "brand": null, "brand:wikidata": null, "healthcare": null, "phone": null, "short_name": null, "beauty": null, "shop": null, "backrest": null, "smoking": null, "fax": null, "office": null, "check_date": null, "ref": null, "payment:cash": null, "payment:credit_cards": null, "payment:debit_cards": null, "payment:contactless": null, "addr:unit": null, "shoes": null, "clothes": null, "official_name": null, "leisure": "fitness_centre", "operator": "Hotel Isabella", "contact:facebook": null, "payment:apple_pay": null, "building": null, "grades": null, "name:en": null, "name:es": null, "old_name": null, "operator:type": null, "mascot": null, "wikidata": null, "wikipedia": null, "emergency": null, "dispensing": null, "drive_through": null, "bin": null, "shelter_type": null, "sport": null, "internet_access": null, "internet_access:fee": null, "government": null, "payment:app:walmart": null, "payment:google_pay": null, "payment:samsung_pay": null, "sensory_friendly:accommodation": null, "sensory_friendly:conditional": null, "education": null, "alt_name": null, "branch": null, "building:levels": null }, "geometry": { "type": "Point", "coordinates": [ -99.7731238, 29.2145468 ] } },
{ "type": "Feature", "properties": { "element": "way", "id": 1474778765, "amenity": null, "denomination": null, "ele": null, "gnis:feature_id": null, "name": "Hotel Isabella", "religion": null, "service_times": null, "addr:city": "Uvalde", "addr:housenumber": "801", "addr:postcode": "78801", "addr:state": "TX", "addr:street": "East Main Street", "check_date:opening_hours": null, "fee": null, "opening_hours": null, "source": null, "tourism": "hotel", "website": null, "wheelchair": null, "brand": null, "brand:wikidata": null, "healthcare": null, "phone": null, "short_name": null, "beauty": null, "shop": null, "backrest": null, "smoking": null, "fax": null, "office": null, "check_date": null, "ref": null, "payment:cash": null, "payment:credit_cards": null, "payment:debit_cards": null, "payment:contactless": null, "addr:unit": null, "shoes": null, "clothes": null, "official_name": null, "leisure": null, "operator": "Hotel Isabella", "contact:facebook": null, "payment:apple_pay": null, "building": "yes", "grades": null, "name:en": null, "name:es": null, "old_name": null, "operator:type": null, "mascot": null, "wikidata": null, "wikipedia": null, "emergency": null, "dispensing": null, "drive_through": null, "bin": null, "shelter_type": null, "sport": null, "internet_access": null, "internet_access:fee": null, "government": null, "payment:app:walmart": null, "payment:google_pay": null, "payment:samsung_pay": null, "sensory_friendly:accommodation": null, "sensory_friendly:conditional": null, "education": null, "alt_name": null, "branch": null, "building:levels": "2" }, "geometry": { "type": "Polygon", "coordinates": [ [ [ -99.7733284, 29.2150945 ], [ -99.773016, 29.2145513 ], [ -99.7729925, 29.2145104 ], [ -99.773133, 29.2144433 ], [ -99.7731765, 29.2144226 ], [ -99.7735123, 29.2150141 ], [ -99.7733284, 29.2150945 ] ] ] } },
{ "type": "Feature", "properties": { "element": "node", "id": 13419235552, "amenity": null, "denomination": null, "ele": null, "gnis:feature_id": null, "name": "Motel 6", "religion": null, "service_times": null, "addr:city": null, "addr:housenumber": null, "addr:postcode": null, "addr:state": null, "addr:street": null, "check_date:opening_hours": null, "fee": null, "opening_hours": null, "source": null, "tourism": "motel", "website": null, "wheelchair": null, "brand": "Motel 6", "brand:wikidata": null, "healthcare": null, "phone": null, "short_name": null, "beauty": null, "shop": null, "backrest": null, "smoking": null, "fax": null, "office": null, "check_date": null, "ref": null, "payment:cash": null, "payment:credit_cards": null, "payment:debit_cards": null, "payment:contactless": null, "addr:unit": null, "shoes": null, "clothes": null, "official_name": null, "leisure": null, "operator": null, "contact:facebook": null, "payment:apple_pay": null, "building": null, "grades": null, "name:en": null, "name:es": null, "old_name": null, "operator:type": null, "mascot": null, "wikidata": null, "wikipedia": null, "emergency": null, "dispensing": null, "drive_through": null, "bin": null, "shelter_type": null, "sport": null, "internet_access": null, "internet_access:fee": null, "government": null, "payment:app:walmart": null, "payment:google_pay": null, "payment:samsung_pay": null, "sensory_friendly:accommodation": null, "sensory_friendly:conditional": null, "education": null, "alt_name": null, "branch": null, "building:levels": null }, "geometry": { "type": "Point", "coordinates": [ -99.7715222, 29.2152911 ] } },
{ "type": "Feature", "properties": { "element": "node", "id": 356841844, "amenity": "place_of_worship", "denomination": "baptist", "ele": "280", "gnis:feature_id": "2024346", "name": "Garner Road Baptist Church", "religion": "christian", "service_times": "Su 10:00-12:00,18:00-19:00; We 19:00-20:00", "addr:city": null, "addr:housenumber": null, "addr:postcode": null, "addr:state": null, "addr:street": null, "check_date:opening_hours": null, "fee": null, "opening_hours": null, "source": null, "tourism": null, "website": null, "wheelchair": null, "brand": null, "brand:wikidata": null, "healthcare": null, "phone": null, "short_name": null, "beauty": null, "shop": null, "backrest": null, "smoking": null, "fax": null, "office": null, "check_date": null, "ref": null, "payment:cash": null, "payment:credit_cards": null, "payment:debit_cards": null, "payment:contactless": null, "addr:unit": null, "shoes": null, "clothes": null, "official_name": null, "leisure": null, "operator": null, "contact:facebook": null, "payment:apple_pay": null, "building": null, "grades": null, "name:en": null, "name:es": null, "old_name": null, "operator:type": null, "mascot": null, "wikidata": null, "wikipedia": null, "emergency": null, "dispensing": null, "drive_through": null, "bin": null, "shelter_type": null, "sport": null, "internet_access": null, "internet_access:fee": null, "government": null, "payment:app:walmart": null, "payment:google_pay": null, "payment:samsung_pay": null, "sensory_friendly:accommodation": null, "sensory_friendly:conditional": null, "education": null, "alt_name": null, "branch": null, "building:levels": null }, "geometry": { "type": "Point", "coordinates": [ -99.7651401, 29.216527 ] } },
{ "type": "Feature", "properties": { "element": "node", "id": 4544372382, "amenity": null, "denomination": null, "ele": null, "gnis:feature_id": null, "name": "T & T Nail Spa", "religion": null, "service_times": null, "addr:city": "Uvalde", "addr:housenumber": "2000", "addr:postcode": "78801", "addr:state": "TX", "addr:street": "East Main Street", "check_date:opening_hours": null, "fee": null, "opening_hours": null, "source": null, "tourism": null, "website": "https://tandtnailspa.com/", "wheelchair": null, "brand": null, "brand:wikidata": null, "healthcare": null, "phone": "+1 830-279-0771", "short_name": null, "beauty": "nails", "shop": "beauty", "backrest": null, "smoking": null, "fax": null, "office": null, "check_date": null, "ref": null, "payment:cash": null, "payment:credit_cards": null, "payment:debit_cards": null, "payment:contactless": null, "addr:unit": null, "shoes": null, "clothes": null, "official_name": null, "leisure": null, "operator": null, "contact:facebook": null, "payment:apple_pay": null, "building": null, "grades": null, "name:en": null, "name:es": null, "old_name": null, "operator:type": null, "mascot": null, "wikidata": null, "wikipedia": null, "emergency": null, "dispensing": null, "drive_through": null, "bin": null, "shelter_type": null, "sport": null, "internet_access": null, "internet_access:fee": null, "government": null, "payment:app:walmart": null, "payment:google_pay": null, "payment:samsung_pay": null, "sensory_friendly:accommodation": null, "sensory_friendly:conditional": null, "education": null, "alt_name": null, "branch": null, "building:levels": null }, "geometry": { "type": "Point", "coordinates": [ -99.7679337, 29.2174371 ] } },
{ "type": "Feature", "properties": { "element": "way", "id": 1043273883, "amenity": "place_of_worship", "denomination": "jehovahs_witness", "ele": null, "gnis:feature_id": null, "name": "Kingdom Hall of Jehovah's Witnesses", "religion": "christian", "service_times": null, "addr:city": "Uvalde", "addr:housenumber": "210", "addr:postcode": "78802", "addr:state": "TX", "addr:street": "Jolley Street", "check_date:opening_hours": null, "fee": null, "opening_hours": null, "source": null, "tourism": null, "website": null, "wheelchair": null, "brand": null, "brand:wikidata": null, "healthcare": null, "phone": null, "short_name": null, "beauty": null, "shop": null, "backrest": null, "smoking": null, "fax": null, "office": null, "check_date": null, "ref": null, "payment:cash": null, "payment:credit_cards": null, "payment:debit_cards": null, "payment:contactless": null, "addr:unit": null, "shoes": null, "clothes": null, "official_name": null, "leisure": null, "operator": null, "contact:facebook": null, "payment:apple_pay": null, "building": "yes", "grades": null, "name:en": null, "name:es": null, "old_name": null, "operator:type": null, "mascot": null, "wikidata": null, "wikipedia": null, "emergency": null, "dispensing": null, "drive_through": null, "bin": null, "shelter_type": null, "sport": null, "internet_access": null, "internet_access:fee": null, "government": null, "payment:app:walmart": null, "payment:google_pay": null, "payment:samsung_pay": null, "sensory_friendly:accommodation": null, "sensory_friendly:conditional": null, "education": null, "alt_name": null, "branch": null, "building:levels": null }, "geometry": { "type": "Polygon", "coordinates": [ [ [ -99.7688223, 29.2187916 ], [ -99.7686602, 29.2188525 ], [ -99.7686865, 29.218906 ], [ -99.7686008, 29.2189382 ], [ -99.7685746, 29.2188851 ], [ -99.7685531, 29.2188931 ], [ -99.7684892, 29.2187636 ], [ -99.7687586, 29.2186625 ], [ -99.7688223, 29.2187916 ] ] ] } },
{ "type": "Feature", "properties": { "element": "way", "id": 1356972137, "amenity": null, "denomination": null, "ele": null, "gnis:feature_id": null, "name": "Tree City", "religion": null, "service_times": null, "addr:city": "Uvalde", "addr:housenumber": "2205", "addr:postcode": "78801", "addr:state": "TX", "addr:street": "East Main Street", "check_date:opening_hours": null, "fee": null, "opening_hours": "Mo-Fr 09:00-19:00; Sa-Su 10:00-18:00", "source": null, "tourism": null, "website": "https://treecityteaandwater.com/", "wheelchair": null, "brand": null, "brand:wikidata": null, "healthcare": null, "phone": "+1-830-407-5021", "short_name": null, "beauty": null, "shop": "tea", "backrest": null, "smoking": null, "fax": null, "office": null, "check_date": null, "ref": null, "payment:cash": null, "payment:credit_cards": null, "payment:debit_cards": null, "payment:contactless": null, "addr:unit": null, "shoes": null, "clothes": null, "official_name": null, "leisure": null, "operator": null, "contact:facebook": null, "payment:apple_pay": null, "building": "yes", "grades": null, "name:en": null, "name:es": null, "old_name": null, "operator:type": null, "mascot": null, "wikidata": null, "wikipedia": null, "emergency": null, "dispensing": null, "drive_through": null, "bin": null, "shelter_type": null, "sport": null, "internet_access": null, "internet_access:fee": null, "government": null, "payment:app:walmart": null, "payment:google_pay": null, "payment:samsung_pay": null, "sensory_friendly:accommodation": null, "sensory_friendly:conditional": null, "education": null, "alt_name": null, "branch": null, "building:levels": null }, "geometry": { "type": "Polygon", "coordinates": [ [ [ -99.7655116, 29.219583 ], [ -99.7653965, 29.2193565 ], [ -99.7654737, 29.2193266 ], [ -99.7655888, 29.2195531 ], [ -99.7655116, 29.219583 ] ] ] } },
{ "type": "Feature", "properties": { "element": "node", "id": 12559374658, "amenity": null, "denomination": null, "ele": null, "gnis:feature_id": null, "name": "Mill Creek Furniture", "religion": null, "service_times": null, "addr:city": null, "addr:housenumber": null, "addr:postcode": null, "addr:state": null, "addr:street": null, "check_date:opening_hours": null, "fee": null, "opening_hours": null, "source": null, "tourism": null, "website": null, "wheelchair": null, "brand": null, "brand:wikidata": null, "healthcare": null, "phone": null, "short_name": null, "beauty": null, "shop": "furniture", "backrest": null, "smoking": null, "fax": null, "office": null, "check_date": null, "ref": null, "payment:cash": null, "payment:credit_cards": null, "payment:debit_cards": null, "payment:contactless": null, "addr:unit": null, "shoes": null, "clothes": null, "official_name": null, "leisure": null, "operator": null, "contact:facebook": null, "payment:apple_pay": null, "building": null, "grades": null, "name:en": null, "name:es": null, "old_name": null, "operator:type": null, "mascot": null, "wikidata": null, "wikipedia": null, "emergency": null, "dispensing": null, "drive_through": null, "bin": null, "shelter_type": null, "sport": null, "internet_access": null, "internet_access:fee": null, "government": null, "payment:app:walmart": null, "payment:google_pay": null, "payment:samsung_pay": null, "sensory_friendly:accommodation": null, "sensory_friendly:conditional": null, "education": null, "alt_name": null, "branch": null, "building:levels": null }, "geometry": { "type": "Point", "coordinates": [ -99.7652917, 29.2195795 ] } },
{ "type": "Feature", "properties": { "element": "way", "id": 1063429217, "amenity": "school", "denomination": null, "ele": "282", "gnis:feature_id": "1355559", "name": "Dalton Elementary School", "religion": null, "service_times": null, "addr:city": "Uvalde", "addr:housenumber": "600", "addr:postcode": "78801", "addr:state": "TX", "addr:street": "North 4th Street", "check_date:opening_hours": null, "fee": null, "opening_hours": null, "source": null, "tourism": null, "website": "https://dalton.ucisd.net/", "wheelchair": null, "brand": null, "brand:wikidata": null, "healthcare": null, "phone": null, "short_name": null, "beauty": null, "shop": null, "backrest": null, "smoking": null, "fax": null, "office": null, "check_date": null, "ref": null, "payment:cash": null, "payment:credit_cards": null, "payment:debit_cards": null, "payment:contactless": null, "addr:unit": null, "shoes": null, "clothes": null, "official_name": null, "leisure": null, "operator": "Uvalde Consolidated Independent School District", "contact:facebook": null, "payment:apple_pay": null, "building": null, "grades": null, "name:en": null, "name:es": null, "old_name": null, "operator:type": null, "mascot": null, "wikidata": null, "wikipedia": null, "emergency": null, "dispensing": null, "drive_through": null, "bin": null, "shelter_type": null, "sport": null, "internet_access": null, "internet_access:fee": null, "government": null, "payment:app:walmart": null, "payment:google_pay": null, "payment:samsung_pay": null, "sensory_friendly:accommodation": null, "sensory_friendly:conditional": null, "education": null, "alt_name": null, "branch": null, "building:levels": null }, "geometry": { "type": "Polygon", "coordinates": [ [ [ -99.7741208, 29.220005 ], [ -99.7760095, 29.2192628 ], [ -99.7772018, 29.2214597 ], [ -99.776732, 29.2216533 ], [ -99.7751961, 29.2219599 ], [ -99.7741208, 29.220005 ] ] ] } },
{ "type": "Feature", "properties": { "element": "node", "id": 9776311346, "amenity": null, "denomination": null, "ele": null, "gnis:feature_id": null, "name": "Hibbett Sports", "religion": null, "service_times": null, "addr:city": "Uvalde", "addr:housenumber": "2260", "addr:postcode": "78801", "addr:state": "TX", "addr:street": "East Main Street", "check_date:opening_hours": null, "fee": null, "opening_hours": null, "source": null, "tourism": null, "website": null, "wheelchair": null, "brand": "Hibbett Sports", "brand:wikidata": "Q5750671", "healthcare": null, "phone": null, "short_name": null, "beauty": null, "shop": "sports", "backrest": null, "smoking": null, "fax": null, "office": null, "check_date": null, "ref": null, "payment:cash": null, "payment:credit_cards": null, "payment:debit_cards": null, "payment:contactless": null, "addr:unit": null, "shoes": null, "clothes": null, "official_name": null, "leisure": null, "operator": null, "contact:facebook": null, "payment:apple_pay": null, "building": null, "grades": null, "name:en": null, "name:es": null, "old_name": null, "operator:type": null, "mascot": null, "wikidata": null, "wikipedia": null, "emergency": null, "dispensing": null, "drive_through": null, "bin": null, "shelter_type": null, "sport": null, "internet_access": null, "internet_access:fee": null, "government": null, "payment:app:walmart": null, "payment:google_pay": null, "payment:samsung_pay": null, "sensory_friendly:accommodation": null, "sensory_friendly:conditional": null, "education": null, "alt_name": null, "branch": null, "building:levels": null }, "geometry": { "type": "Point", "coordinates": [ -99.766267, 29.221806 ] } },
{ "type": "Feature", "properties": { "element": "node", "id": 9776311345, "amenity": null, "denomination": null, "ele": null, "gnis:feature_id": null, "name": "Petsense", "religion": null, "service_times": null, "addr:city": "Uvalde", "addr:housenumber": "2270", "addr:postcode": "78801", "addr:state": "TX", "addr:street": "East Main Street", "check_date:opening_hours": null, "fee": null, "opening_hours": null, "source": null, "tourism": null, "website": null, "wheelchair": null, "brand": null, "brand:wikidata": null, "healthcare": null, "phone": null, "short_name": null, "beauty": null, "shop": "pet", "backrest": null, "smoking": null, "fax": null, "office": null, "check_date": null, "ref": null, "payment:cash": null, "payment:credit_cards": null, "payment:debit_cards": null, "payment:contactless": null, "addr:unit": null, "shoes": null, "clothes": null, "official_name": null, "leisure": null, "operator": null, "contact:facebook": null, "payment:apple_pay": null, "building": null, "grades": null, "name:en": null, "name:es": null, "old_name": null, "operator:type": null, "mascot": null, "wikidata": null, "wikipedia": null, "emergency": null, "dispensing": null, "drive_through": null, "bin": null, "shelter_type": null, "sport": null, "internet_access": null, "internet_access:fee": null, "government": null, "payment:app:walmart": null, "payment:google_pay": null, "payment:samsung_pay": null, "sensory_friendly:accommodation": null, "sensory_friendly:conditional": null, "education": null, "alt_name": null, "branch": null, "building:levels": null }, "geometry": { "type": "Point", "coordinates": [ -99.7661612, 29.2219284 ] } },
{ "type": "Feature", "properties": { "element": "node", "id": 1568037620, "amenity": "police", "denomination": null, "ele": null, "gnis:feature_id": null, "name": "U.S. Border Patrol", "religion": null, "service_times": null, "addr:city": null, "addr:housenumber": null, "addr:postcode": null, "addr:state": null, "addr:street": null, "check_date:opening_hours": null, "fee": null, "opening_hours": null, "source": null, "tourism": null, "website": null, "wheelchair": null, "brand": null, "brand:wikidata": null, "healthcare": null, "phone": null, "short_name": null, "beauty": null, "shop": null, "backrest": null, "smoking": null, "fax": null, "office": null, "check_date": null, "ref": null, "payment:cash": null, "payment:credit_cards": null, "payment:debit_cards": null, "payment:contactless": null, "addr:unit": null, "shoes": null, "clothes": null, "official_name": null, "leisure": null, "operator": null, "contact:facebook": null, "payment:apple_pay": null, "building": null, "grades": null, "name:en": null, "name:es": null, "old_name": null, "operator:type": null, "mascot": null, "wikidata": null, "wikipedia": null, "emergency": null, "dispensing": null, "drive_through": null, "bin": null, "shelter_type": null, "sport": null, "internet_access": null, "internet_access:fee": null, "government": null, "payment:app:walmart": null, "payment:google_pay": null, "payment:samsung_pay": null, "sensory_friendly:accommodation": null, "sensory_friendly:conditional": null, "education": null, "alt_name": null, "branch": null, "building:levels": null }, "geometry": { "type": "Point", "coordinates": [ -99.751851, 29.2137742 ] } },
{ "type": "Feature", "properties": { "element": "way", "id": 140154470, "amenity": null, "denomination": null, "ele": null, "gnis:feature_id": null, "name": "American Legion Park", "religion": null, "service_times": null, "addr:city": null, "addr:housenumber": null, "addr:postcode": null, "addr:state": null, "addr:street": null, "check_date:opening_hours": null, "fee": null, "opening_hours": null, "source": null, "tourism": null, "website": null, "wheelchair": null, "brand": null, "brand:wikidata": null, "healthcare": null, "phone": null, "short_name": null, "beauty": null, "shop": null, "backrest": null, "smoking": null, "fax": null, "office": null, "check_date": null, "ref": null, "payment:cash": null, "payment:credit_cards": null, "payment:debit_cards": null, "payment:contactless": null, "addr:unit": null, "shoes": null, "clothes": null, "official_name": null, "leisure": "park", "operator": null, "contact:facebook": null, "payment:apple_pay": null, "building": null, "grades": null, "name:en": null, "name:es": null, "old_name": null, "operator:type": null, "mascot": null, "wikidata": null, "wikipedia": null, "emergency": null, "dispensing": null, "drive_through": null, "bin": null, "shelter_type": null, "sport": null, "internet_access": null, "internet_access:fee": null, "government": null, "payment:app:walmart": null, "payment:google_pay": null, "payment:samsung_pay": null, "sensory_friendly:accommodation": null, "sensory_friendly:conditional": null, "education": null, "alt_name": null, "branch": null, "building:levels": null }, "geometry": { "type": "Polygon", "coordinates": [ [ [ -99.7618031, 29.2170082 ], [ -99.7587765, 29.2179408 ], [ -99.757276, 29.2155381 ], [ -99.7575856, 29.2153564 ], [ -99.7561372, 29.2122194 ], [ -99.7588204, 29.2110901 ], [ -99.7618031, 29.2170082 ] ] ] } },
{ "type": "Feature", "properties": { "element": "way", "id": 499988290, "amenity": "place_of_worship", "denomination": "baptist", "ele": null, "gnis:feature_id": null, "name": "Garnerfield Road Baptist Church", "religion": "christian", "service_times": null, "addr:city": "Uvalde", "addr:housenumber": "1220", "addr:postcode": "78801", "addr:state": "TX", "addr:street": "Garner Field Road", "check_date:opening_hours": null, "fee": null, "opening_hours": null, "source": null, "tourism": null, "website": null, "wheelchair": null, "brand": null, "brand:wikidata": null, "healthcare": null, "phone": null, "short_name": null, "beauty": null, "shop": null, "backrest": null, "smoking": null, "fax": null, "office": null, "check_date": null, "ref": null, "payment:cash": null, "payment:credit_cards": null, "payment:debit_cards": null, "payment:contactless": null, "addr:unit": null, "shoes": null, "clothes": null, "official_name": null, "leisure": null, "operator": null, "contact:facebook": null, "payment:apple_pay": null, "building": "yes", "grades": null, "name:en": null, "name:es": null, "old_name": null, "operator:type": null, "mascot": null, "wikidata": null, "wikipedia": null, "emergency": null, "dispensing": null, "drive_through": null, "bin": null, "shelter_type": null, "sport": null, "internet_access": null, "internet_access:fee": null, "government": null, "payment:app:walmart": null, "payment:google_pay": null, "payment:samsung_pay": null, "sensory_friendly:accommodation": null, "sensory_friendly:conditional": null, "education": null, "alt_name": null, "branch": null, "building:levels": null }, "geometry": { "type": "Polygon", "coordinates": [ [ [ -99.7652841, 29.2166204 ], [ -99.7651682, 29.2166615 ], [ -99.7651327, 29.2165855 ], [ -99.7649978, 29.2166334 ], [ -99.7649616, 29.2165557 ], [ -99.7650924, 29.2165092 ], [ -99.7650647, 29.2164497 ], [ -99.7651847, 29.2164071 ], [ -99.7652841, 29.2166204 ] ] ] } },
{ "type": "Feature", "properties": { "element": "node", "id": 12559374657, "amenity": null, "denomination": null, "ele": null, "gnis:feature_id": null, "name": "The Open Range Bakery & Cafe", "religion": null, "service_times": null, "addr:city": "Uvalde", "addr:housenumber": "2211", "addr:postcode": "78801", "addr:state": "TX", "addr:street": "East Main Street", "check_date:opening_hours": null, "fee": null, "opening_hours": "We-Fr 07:30-12:00", "source": null, "tourism": null, "website": null, "wheelchair": null, "brand": null, "brand:wikidata": null, "healthcare": null, "phone": "+1-830-261-1866", "short_name": null, "beauty": null, "shop": "bakery", "backrest": null, "smoking": null, "fax": null, "office": null, "check_date": null, "ref": null, "payment:cash": null, "payment:credit_cards": null, "payment:debit_cards": null, "payment:contactless": null, "addr:unit": null, "shoes": null, "clothes": null, "official_name": null, "leisure": null, "operator": null, "contact:facebook": null, "payment:apple_pay": null, "building": null, "grades": null, "name:en": null, "name:es": null, "old_name": null, "operator:type": null, "mascot": null, "wikidata": null, "wikipedia": null, "emergency": null, "dispensing": null, "drive_through": null, "bin": null, "shelter_type": null, "sport": null, "internet_access": null, "internet_access:fee": null, "government": null, "payment:app:walmart": null, "payment:google_pay": null, "payment:samsung_pay": null, "sensory_friendly:accommodation": null, "sensory_friendly:conditional": null, "education": null, "alt_name": null, "branch": null, "building:levels": null }, "geometry": { "type": "Point", "coordinates": [ -99.7651231, 29.2196299 ] } },
{ "type": "Feature", "properties": { "element": "way", "id": 1064452294, "amenity": "library", "denomination": null, "ele": null, "gnis:feature_id": null, "name": "Miller Library", "religion": null, "service_times": null, "addr:city": null, "addr:housenumber": null, "addr:postcode": null, "addr:state": null, "addr:street": null, "check_date:opening_hours": null, "fee": null, "opening_hours": null, "source": null, "tourism": null, "website": null, "wheelchair": null, "brand": null, "brand:wikidata": null, "healthcare": null, "phone": null, "short_name": null, "beauty": null, "shop": null, "backrest": null, "smoking": null, "fax": null, "office": null, "check_date": null, "ref": null, "payment:cash": null, "payment:credit_cards": null, "payment:debit_cards": null, "payment:contactless": null, "addr:unit": null, "shoes": null, "clothes": null, "official_name": null, "leisure": null, "operator": null, "contact:facebook": null, "payment:apple_pay": null, "building": "yes", "grades": null, "name:en": null, "name:es": null, "old_name": null, "operator:type": null, "mascot": null, "wikidata": null, "wikipedia": null, "emergency": null, "dispensing": null, "drive_through": null, "bin": null, "shelter_type": null, "sport": null, "internet_access": null, "internet_access:fee": null, "government": null, "payment:app:walmart": null, "payment:google_pay": null, "payment:samsung_pay": null, "sensory_friendly:accommodation": null, "sensory_friendly:conditional": null, "education": null, "alt_name": null, "branch": null, "building:levels": null }, "geometry": { "type": "Polygon", "coordinates": [ [ [ -99.7421387, 29.2202934 ], [ -99.7422659, 29.2199744 ], [ -99.7424343, 29.2200256 ], [ -99.7425633, 29.2200648 ], [ -99.7424361, 29.2203837 ], [ -99.7421387, 29.2202934 ] ] ] } },
{ "type": "Feature", "properties": { "element": "way", "id": 1064488261, "amenity": null, "denomination": null, "ele": null, "gnis:feature_id": null, "name": "Texas Home Furnishings", "religion": null, "service_times": null, "addr:city": "Uvalde", "addr:housenumber": "2300", "addr:postcode": "78801", "addr:state": "TX", "addr:street": "East Main Street", "check_date:opening_hours": null, "fee": null, "opening_hours": null, "source": null, "tourism": null, "website": null, "wheelchair": null, "brand": null, "brand:wikidata": null, "healthcare": null, "phone": null, "short_name": null, "beauty": null, "shop": "furniture", "backrest": null, "smoking": null, "fax": null, "office": null, "check_date": null, "ref": null, "payment:cash": null, "payment:credit_cards": null, "payment:debit_cards": null, "payment:contactless": null, "addr:unit": null, "shoes": null, "clothes": null, "official_name": null, "leisure": null, "operator": null, "contact:facebook": null, "payment:apple_pay": null, "building": "yes", "grades": null, "name:en": null, "name:es": null, "old_name": null, "operator:type": null, "mascot": null, "wikidata": null, "wikipedia": null, "emergency": null, "dispensing": null, "drive_through": null, "bin": null, "shelter_type": null, "sport": null, "internet_access": null, "internet_access:fee": null, "government": null, "payment:app:walmart": null, "payment:google_pay": null, "payment:samsung_pay": null, "sensory_friendly:accommodation": null, "sensory_friendly:conditional": null, "education": null, "alt_name": null, "branch": null, "building:levels": null }, "geometry": { "type": "Polygon", "coordinates": [ [ [ -99.7649021, 29.2214672 ], [ -99.7650788, 29.2212937 ], [ -99.7653633, 29.2215144 ], [ -99.7651866, 29.2216879 ], [ -99.7649021, 29.2214672 ] ] ] } },
{ "type": "Feature", "properties": { "element": "node", "id": 9776820745, "amenity": null, "denomination": null, "ele": null, "gnis:feature_id": null, "name": null, "religion": null, "service_times": null, "addr:city": null, "addr:housenumber": null, "addr:postcode": null, "addr:state": null, "addr:street": null, "check_date:opening_hours": null, "fee": null, "opening_hours": null, "source": null, "tourism": null, "website": null, "wheelchair": null, "brand": null, "brand:wikidata": null, "healthcare": null, "phone": null, "short_name": null, "beauty": null, "shop": "car_repair", "backrest": null, "smoking": null, "fax": null, "office": null, "check_date": null, "ref": null, "payment:cash": null, "payment:credit_cards": null, "payment:debit_cards": null, "payment:contactless": null, "addr:unit": null, "shoes": null, "clothes": null, "official_name": null, "leisure": null, "operator": null, "contact:facebook": null, "payment:apple_pay": null, "building": null, "grades": null, "name:en": null, "name:es": null, "old_name": null, "operator:type": null, "mascot": null, "wikidata": null, "wikipedia": null, "emergency": null, "dispensing": null, "drive_through": null, "bin": null, "shelter_type": null, "sport": null, "internet_access": null, "internet_access:fee": null, "government": null, "payment:app:walmart": null, "payment:google_pay": null, "payment:samsung_pay": null, "sensory_friendly:accommodation": null, "sensory_friendly:conditional": null, "education": null, "alt_name": null, "branch": null, "building:levels": null }, "geometry": { "type": "Point", "coordinates": [ -99.7402285, 29.222039 ] } },
{ "type": "Feature", "properties": { "element": "way", "id": 1064488265, "amenity": null, "denomination": null, "ele": null, "gnis:feature_id": null, "name": "Sears Hometown", "religion": null, "service_times": null, "addr:city": "Uvalde", "addr:housenumber": "2344", "addr:postcode": "78801", "addr:state": "TX", "addr:street": "East Main Street", "check_date:opening_hours": null, "fee": null, "opening_hours": null, "source": null, "tourism": null, "website": null, "wheelchair": null, "brand": "Sears Hometown", "brand:wikidata": "Q69926963", "healthcare": null, "phone": null, "short_name": null, "beauty": null, "shop": "department_store", "backrest": null, "smoking": null, "fax": null, "office": null, "check_date": null, "ref": null, "payment:cash": null, "payment:credit_cards": null, "payment:debit_cards": null, "payment:contactless": null, "addr:unit": null, "shoes": null, "clothes": null, "official_name": null, "leisure": null, "operator": null, "contact:facebook": null, "payment:apple_pay": null, "building": "yes", "grades": null, "name:en": null, "name:es": null, "old_name": null, "operator:type": null, "mascot": null, "wikidata": null, "wikipedia": null, "emergency": null, "dispensing": null, "drive_through": null, "bin": null, "shelter_type": null, "sport": null, "internet_access": null, "internet_access:fee": null, "government": null, "payment:app:walmart": null, "payment:google_pay": null, "payment:samsung_pay": null, "sensory_friendly:accommodation": null, "sensory_friendly:conditional": null, "education": null, "alt_name": null, "branch": null, "building:levels": null }, "geometry": { "type": "Polygon", "coordinates": [ [ [ -99.7638295, 29.2226533 ], [ -99.7639569, 29.2225263 ], [ -99.7642239, 29.2227305 ], [ -99.7640965, 29.2228574 ], [ -99.7638295, 29.2226533 ] ] ] } },
{ "type": "Feature", "properties": { "element": "node", "id": 11804696646, "amenity": null, "denomination": null, "ele": null, "gnis:feature_id": null, "name": "Affordable Storage #7", "religion": null, "service_times": null, "addr:city": null, "addr:housenumber": null, "addr:postcode": null, "addr:state": null, "addr:street": null, "check_date:opening_hours": null, "fee": null, "opening_hours": null, "source": null, "tourism": null, "website": null, "wheelchair": null, "brand": null, "brand:wikidata": null, "healthcare": null, "phone": null, "short_name": null, "beauty": null, "shop": "storage_rental", "backrest": null, "smoking": null, "fax": null, "office": null, "check_date": null, "ref": null, "payment:cash": null, "payment:credit_cards": null, "payment:debit_cards": null, "payment:contactless": null, "addr:unit": null, "shoes": null, "clothes": null, "official_name": null, "leisure": null, "operator": null, "contact:facebook": null, "payment:apple_pay": null, "building": null, "grades": null, "name:en": null, "name:es": null, "old_name": null, "operator:type": null, "mascot": null, "wikidata": null, "wikipedia": null, "emergency": null, "dispensing": null, "drive_through": null, "bin": null, "shelter_type": null, "sport": null, "internet_access": null, "internet_access:fee": null, "government": null, "payment:app:walmart": null, "payment:google_pay": null, "payment:samsung_pay": null, "sensory_friendly:accommodation": null, "sensory_friendly:conditional": null, "education": null, "alt_name": null, "branch": null, "building:levels": null }, "geometry": { "type": "Point", "coordinates": [ -99.7582223, 29.2272123 ] } },
{ "type": "Feature", "properties": { "element": "node", "id": 13419235551, "amenity": null, "denomination": null, "ele": null, "gnis:feature_id": null, "name": "Cecil Atkission", "religion": null, "service_times": null, "addr:city": null, "addr:housenumber": null, "addr:postcode": null, "addr:state": null, "addr:street": null, "check_date:opening_hours": null, "fee": null, "opening_hours": null, "source": null, "tourism": null, "website": null, "wheelchair": null, "brand": null, "brand:wikidata": null, "healthcare": null, "phone": null, "short_name": null, "beauty": null, "shop": "car", "backrest": null, "smoking": null, "fax": null, "office": null, "check_date": null, "ref": null, "payment:cash": null, "payment:credit_cards": null, "payment:debit_cards": null, "payment:contactless": null, "addr:unit": null, "shoes": null, "clothes": null, "official_name": null, "leisure": null, "operator": null, "contact:facebook": null, "payment:apple_pay": null, "building": null, "grades": null, "name:en": null, "name:es": null, "old_name": null, "operator:type": null, "mascot": null, "wikidata": null, "wikipedia": null, "emergency": null, "dispensing": null, "drive_through": null, "bin": null, "shelter_type": null, "sport": null, "internet_access": null, "internet_access:fee": null, "government": null, "payment:app:walmart": null, "payment:google_pay": null, "payment:samsung_pay": null, "sensory_friendly:accommodation": null, "sensory_friendly:conditional": null, "education": null, "alt_name": null, "branch": null, "building:levels": null }, "geometry": { "type": "Point", "coordinates": [ -99.7590934, 29.2278386 ] } },
{ "type": "Feature", "properties": { "element": "way", "id": 1227952723, "amenity": "school", "denomination": null, "ele": null, "gnis:feature_id": null, "name": "Legacy Elementary School", "religion": null, "service_times": null, "addr:city": "Uvalde", "addr:housenumber": null, "addr:postcode": "78801", "addr:state": "TX", "addr:street": null, "check_date:opening_hours": null, "fee": null, "opening_hours": null, "source": null, "tourism": null, "website": "https://uvalde.ucisd.net", "wheelchair": null, "brand": null, "brand:wikidata": null, "healthcare": null, "phone": null, "short_name": null, "beauty": null, "shop": null, "backrest": null, "smoking": null, "fax": null, "office": null, "check_date": null, "ref": null, "payment:cash": null, "payment:credit_cards": null, "payment:debit_cards": null, "payment:contactless": null, "addr:unit": null, "shoes": null, "clothes": null, "official_name": null, "leisure": null, "operator": null, "contact:facebook": null, "payment:apple_pay": null, "building": null, "grades": null, "name:en": null, "name:es": null, "old_name": null, "operator:type": null, "mascot": null, "wikidata": null, "wikipedia": null, "emergency": null, "dispensing": null, "drive_through": null, "bin": null, "shelter_type": null, "sport": null, "internet_access": null, "internet_access:fee": null, "government": null, "payment:app:walmart": null, "payment:google_pay": null, "payment:samsung_pay": null, "sensory_friendly:accommodation": null, "sensory_friendly:conditional": null, "education": "school", "alt_name": null, "branch": null, "building:levels": null }, "geometry": { "type": "Polygon", "coordinates": [ [ [ -99.7729215, 29.2240545 ], [ -99.7713687, 29.2211612 ], [ -99.7741208, 29.220005 ], [ -99.7756082, 29.2229144 ], [ -99.7729215, 29.2240545 ] ] ] } },
{ "type": "Feature", "properties": { "element": "node", "id": 9776311344, "amenity": null, "denomination": null, "ele": null, "gnis:feature_id": null, "name": "Rent-A-Center", "religion": null, "service_times": null, "addr:city": "Uvalde", "addr:housenumber": "2322", "addr:postcode": "78801", "addr:state": "TX", "addr:street": "East Main Street", "check_date:opening_hours": null, "fee": null, "opening_hours": null, "source": null, "tourism": null, "website": null, "wheelchair": null, "brand": "Rent-A-Center", "brand:wikidata": "Q7313497", "healthcare": null, "phone": null, "short_name": null, "beauty": null, "shop": "furniture", "backrest": null, "smoking": null, "fax": null, "office": null, "check_date": null, "ref": null, "payment:cash": null, "payment:credit_cards": null, "payment:debit_cards": null, "payment:contactless": null, "addr:unit": null, "shoes": null, "clothes": null, "official_name": null, "leisure": null, "operator": null, "contact:facebook": null, "payment:apple_pay": null, "building": null, "grades": null, "name:en": null, "name:es": null, "old_name": null, "operator:type": null, "mascot": null, "wikidata": null, "wikipedia": null, "emergency": null, "dispensing": null, "drive_through": null, "bin": null, "shelter_type": null, "sport": null, "internet_access": null, "internet_access:fee": null, "government": null, "payment:app:walmart": null, "payment:google_pay": null, "payment:samsung_pay": null, "sensory_friendly:accommodation": null, "sensory_friendly:conditional": null, "education": null, "alt_name": null, "branch": null, "building:levels": null }, "geometry": { "type": "Point", "coordinates": [ -99.7658094, 29.2222215 ] } },
{ "type": "Feature", "properties": { "element": "node", "id": 13419235558, "amenity": null, "denomination": null, "ele": null, "gnis:feature_id": null, "name": "Bealls", "religion": null, "service_times": null, "addr:city": null, "addr:housenumber": null, "addr:postcode": null, "addr:state": null, "addr:street": null, "check_date:opening_hours": null, "fee": null, "opening_hours": null, "source": null, "tourism": null, "website": null, "wheelchair": null, "brand": null, "brand:wikidata": null, "healthcare": null, "phone": null, "short_name": null, "beauty": null, "shop": "yes", "backrest": null, "smoking": null, "fax": null, "office": null, "check_date": null, "ref": null, "payment:cash": null, "payment:credit_cards": null, "payment:debit_cards": null, "payment:contactless": null, "addr:unit": null, "shoes": null, "clothes": null, "official_name": null, "leisure": null, "operator": null, "contact:facebook": null, "payment:apple_pay": null, "building": null, "grades": null, "name:en": null, "name:es": null, "old_name": null, "operator:type": null, "mascot": null, "wikidata": null, "wikipedia": null, "emergency": null, "dispensing": null, "drive_through": null, "bin": null, "shelter_type": null, "sport": null, "internet_access": null, "internet_access:fee": null, "government": null, "payment:app:walmart": null, "payment:google_pay": null, "payment:samsung_pay": null, "sensory_friendly:accommodation": null, "sensory_friendly:conditional": null, "education": null, "alt_name": null, "branch": null, "building:levels": null }, "geometry": { "type": "Point", "coordinates": [ -99.7656688, 29.2224187 ] } },
{ "type": "Feature", "properties": { "element": "node", "id": 9776311343, "amenity": null, "denomination": null, "ele": null, "gnis:feature_id": null, "name": "Hobby Lobby", "religion": null, "service_times": null, "addr:city": "Uvalde", "addr:housenumber": "2334", "addr:postcode": "78801", "addr:state": "TX", "addr:street": "East Main Street", "check_date:opening_hours": "2025-10-08", "fee": null, "opening_hours": "Mo-Sa 09:00-20:00", "source": null, "tourism": null, "website": null, "wheelchair": null, "brand": "Hobby Lobby", "brand:wikidata": "Q5874938", "healthcare": null, "phone": null, "short_name": null, "beauty": null, "shop": "craft", "backrest": null, "smoking": null, "fax": null, "office": null, "check_date": "2025-10-08", "ref": null, "payment:cash": null, "payment:credit_cards": null, "payment:debit_cards": null, "payment:contactless": null, "addr:unit": null, "shoes": null, "clothes": null, "official_name": null, "leisure": null, "operator": null, "contact:facebook": null, "payment:apple_pay": null, "building": null, "grades": null, "name:en": null, "name:es": null, "old_name": null, "operator:type": null, "mascot": null, "wikidata": null, "wikipedia": null, "emergency": null, "dispensing": null, "drive_through": null, "bin": null, "shelter_type": null, "sport": null, "internet_access": null, "internet_access:fee": null, "government": null, "payment:app:walmart": null, "payment:google_pay": null, "payment:samsung_pay": null, "sensory_friendly:accommodation": null, "sensory_friendly:conditional": null, "education": null, "alt_name": null, "branch": null, "building:levels": null }, "geometry": { "type": "Point", "coordinates": [ -99.7652664, 29.2228004 ] } },
{ "type": "Feature", "properties": { "element": "node", "id": 356841879, "amenity": "place_of_worship", "denomination": null, "ele": "283", "gnis:feature_id": "2024353", "name": "Trinity Fellowship of Uvalde Church", "religion": "christian", "service_times": null, "addr:city": null, "addr:housenumber": null, "addr:postcode": null, "addr:state": null, "addr:street": null, "check_date:opening_hours": null, "fee": null, "opening_hours": null, "source": null, "tourism": null, "website": null, "wheelchair": null, "brand": null, "brand:wikidata": null, "healthcare": null, "phone": null, "short_name": null, "beauty": null, "shop": null, "backrest": null, "smoking": null, "fax": null, "office": null, "check_date": null, "ref": null, "payment:cash": null, "payment:credit_cards": null, "payment:debit_cards": null, "payment:contactless": null, "addr:unit": null, "shoes": null, "clothes": null, "official_name": null, "leisure": null, "operator": null, "contact:facebook": null, "payment:apple_pay": null, "building": null, "grades": null, "name:en": null, "name:es": null, "old_name": null, "operator:type": null, "mascot": null, "wikidata": null, "wikipedia": null, "emergency": null, "dispensing": null, "drive_through": null, "bin": null, "shelter_type": null, "sport": null, "internet_access": null, "internet_access:fee": null, "government": null, "payment:app:walmart": null, "payment:google_pay": null, "payment:samsung_pay": null, "sensory_friendly:accommodation": null, "sensory_friendly:conditional": null, "education": null, "alt_name": null, "branch": null, "building:levels": null }, "geometry": { "type": "Point", "coordinates": [ -99.7792233, 29.2252387 ] } },
{ "type": "Feature", "properties": { "element": "way", "id": 1228545348, "amenity": null, "denomination": null, "ele": null, "gnis:feature_id": null, "name": "Holiday Inn Express & Suites", "religion": null, "service_times": null, "addr:city": null, "addr:housenumber": "2801", "addr:postcode": null, "addr:state": null, "addr:street": "East Main Street", "check_date:opening_hours": null, "fee": null, "opening_hours": null, "source": null, "tourism": "hotel", "website": "https://www.ihg.com/holidayinnexpress/hotels/us/en/uvalde/uvacl/hoteldetail", "wheelchair": null, "brand": "Holiday Inn Express & Suites", "brand:wikidata": "Q5880423", "healthcare": null, "phone": "+1-830-278-7300", "short_name": null, "beauty": null, "shop": null, "backrest": null, "smoking": null, "fax": null, "office": null, "check_date": null, "ref": null, "payment:cash": null, "payment:credit_cards": null, "payment:debit_cards": null, "payment:contactless": null, "addr:unit": null, "shoes": null, "clothes": null, "official_name": null, "leisure": null, "operator": null, "contact:facebook": null, "payment:apple_pay": null, "building": "yes", "grades": null, "name:en": null, "name:es": null, "old_name": null, "operator:type": null, "mascot": null, "wikidata": null, "wikipedia": null, "emergency": null, "dispensing": null, "drive_through": null, "bin": null, "shelter_type": null, "sport": null, "internet_access": null, "internet_access:fee": null, "government": null, "payment:app:walmart": null, "payment:google_pay": null, "payment:samsung_pay": null, "sensory_friendly:accommodation": null, "sensory_friendly:conditional": null, "education": null, "alt_name": null, "branch": null, "building:levels": null }, "geometry": { "type": "Polygon", "coordinates": [ [ [ -99.7563184, 29.2292191 ], [ -99.7561891, 29.2293544 ], [ -99.7557677, 29.2290474 ], [ -99.7558969, 29.2289123 ], [ -99.7563184, 29.2292191 ] ] ] } },
{ "type": "Feature", "properties": { "element": "way", "id": 1228547069, "amenity": null, "denomination": null, "ele": null, "gnis:feature_id": null, "name": "Hampton Inn Uvalde", "religion": null, "service_times": null, "addr:city": "Uvalde", "addr:housenumber": "2714", "addr:postcode": "78801", "addr:state": "TX", "addr:street": "East Main Street Highway 90", "check_date:opening_hours": null, "fee": null, "opening_hours": null, "source": null, "tourism": "hotel", "website": "https://www.hilton.com/en/hotels/drtuvhx-hampton-uvalde/", "wheelchair": null, "brand": "Hampton", "brand:wikidata": "Q5646230", "healthcare": null, "phone": "+1 830-278-1300", "short_name": null, "beauty": null, "shop": null, "backrest": null, "smoking": null, "fax": null, "office": null, "check_date": null, "ref": "DRTUVHX", "payment:cash": null, "payment:credit_cards": null, "payment:debit_cards": null, "payment:contactless": null, "addr:unit": null, "shoes": null, "clothes": null, "official_name": "Hampton Inn & Suites by Hilton", "leisure": null, "operator": null, "contact:facebook": null, "payment:apple_pay": null, "building": "yes", "grades": null, "name:en": null, "name:es": null, "old_name": null, "operator:type": null, "mascot": null, "wikidata": null, "wikipedia": null, "emergency": null, "dispensing": null, "drive_through": null, "bin": null, "shelter_type": null, "sport": null, "internet_access": null, "internet_access:fee": null, "government": null, "payment:app:walmart": null, "payment:google_pay": null, "payment:samsung_pay": null, "sensory_friendly:accommodation": null, "sensory_friendly:conditional": null, "education": null, "alt_name": "Hampton Inn", "branch": "Uvalde", "building:levels": null }, "geometry": { "type": "Polygon", "coordinates": [ [ [ -99.7578151, 29.2293756 ], [ -99.7577031, 29.2294916 ], [ -99.7572714, 29.229174 ], [ -99.7573835, 29.2290579 ], [ -99.7578151, 29.2293756 ] ] ] } },
{ "type": "Feature", "properties": { "element": "node", "id": 13419235555, "amenity": null, "denomination": null, "ele": null, "gnis:feature_id": null, "name": "T-Mobile", "religion": null, "service_times": null, "addr:city": null, "addr:housenumber": null, "addr:postcode": null, "addr:state": null, "addr:street": null, "check_date:opening_hours": null, "fee": null, "opening_hours": null, "source": null, "tourism": null, "website": "https://www.t-mobile.com/stores/bd/t-mobile-uvalde-tx-78801-584d", "wheelchair": null, "brand": "T-Mobile", "brand:wikidata": null, "healthcare": null, "phone": null, "short_name": null, "beauty": null, "shop": "mobile_phone", "backrest": null, "smoking": null, "fax": null, "office": null, "check_date": null, "ref": null, "payment:cash": null, "payment:credit_cards": null, "payment:debit_cards": null, "payment:contactless": null, "addr:unit": null, "shoes": null, "clothes": null, "official_name": null, "leisure": null, "operator": null, "contact:facebook": null, "payment:apple_pay": null, "building": null, "grades": null, "name:en": null, "name:es": null, "old_name": null, "operator:type": null, "mascot": null, "wikidata": null, "wikipedia": null, "emergency": null, "dispensing": null, "drive_through": null, "bin": null, "shelter_type": null, "sport": null, "internet_access": null, "internet_access:fee": null, "government": null, "payment:app:walmart": null, "payment:google_pay": null, "payment:samsung_pay": null, "sensory_friendly:accommodation": null, "sensory_friendly:conditional": null, "education": null, "alt_name": null, "branch": null, "building:levels": null }, "geometry": { "type": "Point", "coordinates": [ -99.7555678, 29.2294735 ] } },
{ "type": "Feature", "properties": { "element": "node", "id": 13419235550, "amenity": null, "denomination": null, "ele": null, "gnis:feature_id": null, "name": "WB Liquors & Wine", "religion": null, "service_times": null, "addr:city": null, "addr:housenumber": null, "addr:postcode": null, "addr:state": null, "addr:street": null, "check_date:opening_hours": null, "fee": null, "opening_hours": null, "source": null, "tourism": null, "website": null, "wheelchair": null, "brand": null, "brand:wikidata": null, "healthcare": null, "phone": null, "short_name": null, "beauty": null, "shop": "alcohol", "backrest": null, "smoking": null, "fax": null, "office": null, "check_date": null, "ref": null, "payment:cash": null, "payment:credit_cards": null, "payment:debit_cards": null, "payment:contactless": null, "addr:unit": null, "shoes": null, "clothes": null, "official_name": null, "leisure": null, "operator": null, "contact:facebook": null, "payment:apple_pay": null, "building": null, "grades": null, "name:en": null, "name:es": null, "old_name": null, "operator:type": null, "mascot": null, "wikidata": null, "wikipedia": null, "emergency": null, "dispensing": null, "drive_through": null, "bin": null, "shelter_type": null, "sport": null, "internet_access": null, "internet_access:fee": null, "government": null, "payment:app:walmart": null, "payment:google_pay": null, "payment:samsung_pay": null, "sensory_friendly:accommodation": null, "sensory_friendly:conditional": null, "education": null, "alt_name": null, "branch": null, "building:levels": null }, "geometry": { "type": "Point", "coordinates": [ -99.7555185, 29.2295334 ] } },
{ "type": "Feature", "properties": { "element": "node", "id": 9776311407, "amenity": null, "denomination": null, "ele": null, "gnis:feature_id": null, "name": "Walmart Garden Center", "religion": null, "service_times": null, "addr:city": null, "addr:housenumber": null, "addr:postcode": null, "addr:state": null, "addr:street": null, "check_date:opening_hours": null, "fee": null, "opening_hours": null, "source": null, "tourism": null, "website": null, "wheelchair": null, "brand": "Walmart", "brand:wikidata": "Q483551", "healthcare": null, "phone": null, "short_name": null, "beauty": null, "shop": "garden_centre", "backrest": null, "smoking": null, "fax": null, "office": null, "check_date": null, "ref": null, "payment:cash": null, "payment:credit_cards": null, "payment:debit_cards": null, "payment:contactless": null, "addr:unit": null, "shoes": null, "clothes": null, "official_name": null, "leisure": null, "operator": null, "contact:facebook": null, "payment:apple_pay": null, "building": null, "grades": null, "name:en": null, "name:es": null, "old_name": null, "operator:type": null, "mascot": null, "wikidata": null, "wikipedia": null, "emergency": null, "dispensing": null, "drive_through": null, "bin": null, "shelter_type": null, "sport": null, "internet_access": null, "internet_access:fee": null, "government": null, "payment:app:walmart": null, "payment:google_pay": null, "payment:samsung_pay": null, "sensory_friendly:accommodation": null, "sensory_friendly:conditional": null, "education": null, "alt_name": null, "branch": null, "building:levels": null }, "geometry": { "type": "Point", "coordinates": [ -99.7546154, 29.2343449 ] } },
{ "type": "Feature", "properties": { "element": "node", "id": 1568043706, "amenity": "pharmacy", "denomination": null, "ele": null, "gnis:feature_id": null, "name": "Walmart Pharmacy", "religion": null, "service_times": null, "addr:city": null, "addr:housenumber": null, "addr:postcode": null, "addr:state": null, "addr:street": null, "check_date:opening_hours": null, "fee": null, "opening_hours": null, "source": null, "tourism": null, "website": "https://www.walmart.com/store/782-uvalde-tx/pharmacy", "wheelchair": null, "brand": "Walmart", "brand:wikidata": "Q483551", "healthcare": "pharmacy", "phone": null, "short_name": null, "beauty": null, "shop": null, "backrest": null, "smoking": null, "fax": null, "office": null, "check_date": null, "ref": null, "payment:cash": null, "payment:credit_cards": null, "payment:debit_cards": null, "payment:contactless": null, "addr:unit": null, "shoes": null, "clothes": null, "official_name": null, "leisure": null, "operator": null, "contact:facebook": null, "payment:apple_pay": null, "building": null, "grades": null, "name:en": null, "name:es": null, "old_name": null, "operator:type": null, "mascot": null, "wikidata": null, "wikipedia": null, "emergency": null, "dispensing": null, "drive_through": null, "bin": null, "shelter_type": null, "sport": null, "internet_access": null, "internet_access:fee": null, "government": null, "payment:app:walmart": null, "payment:google_pay": null, "payment:samsung_pay": null, "sensory_friendly:accommodation": null, "sensory_friendly:conditional": null, "education": null, "alt_name": null, "branch": null, "building:levels": null }, "geometry": { "type": "Point", "coordinates": [ -99.754337, 29.2345744 ] } },
{ "type": "Feature", "properties": { "element": "way", "id": 1064488272, "amenity": null, "denomination": null, "ele": null, "gnis:feature_id": null, "name": "AT&T", "religion": null, "service_times": null, "addr:city": "Uvalde", "addr:housenumber": "3190", "addr:postcode": "78801", "addr:state": "TX", "addr:street": "East Main Street", "check_date:opening_hours": null, "fee": null, "opening_hours": null, "source": null, "tourism": null, "website": null, "wheelchair": null, "brand": "AT&T", "brand:wikidata": "Q298594", "healthcare": null, "phone": null, "short_name": null, "beauty": null, "shop": "mobile_phone", "backrest": null, "smoking": null, "fax": null, "office": null, "check_date": null, "ref": null, "payment:cash": null, "payment:credit_cards": null, "payment:debit_cards": null, "payment:contactless": null, "addr:unit": null, "shoes": null, "clothes": null, "official_name": null, "leisure": null, "operator": null, "contact:facebook": null, "payment:apple_pay": null, "building": "yes", "grades": null, "name:en": null, "name:es": null, "old_name": null, "operator:type": null, "mascot": null, "wikidata": null, "wikipedia": null, "emergency": null, "dispensing": null, "drive_through": null, "bin": null, "shelter_type": null, "sport": null, "internet_access": null, "internet_access:fee": null, "government": null, "payment:app:walmart": null, "payment:google_pay": null, "payment:samsung_pay": null, "sensory_friendly:accommodation": null, "sensory_friendly:conditional": null, "education": null, "alt_name": null, "branch": null, "building:levels": null }, "geometry": { "type": "Polygon", "coordinates": [ [ [ -99.7519181, 29.2346196 ], [ -99.7520458, 29.2344886 ], [ -99.7522144, 29.2346137 ], [ -99.7520867, 29.2347448 ], [ -99.7519181, 29.2346196 ] ] ] } },
{ "type": "Feature", "properties": { "element": "way", "id": 1064488269, "amenity": null, "denomination": null, "ele": null, "gnis:feature_id": null, "name": "Walmart Supercenter", "religion": null, "service_times": null, "addr:city": "Uvalde", "addr:housenumber": "3100", "addr:postcode": "78801", "addr:state": "TX", "addr:street": "East Main Street", "check_date:opening_hours": null, "fee": null, "opening_hours": "06:00-23:00", "source": null, "tourism": null, "website": "https://www.walmart.com/store/782-uvalde-tx", "wheelchair": null, "brand": "Walmart", "brand:wikidata": "Q483551", "healthcare": null, "phone": "+1 830-278-9117", "short_name": null, "beauty": null, "shop": "supermarket", "backrest": null, "smoking": null, "fax": null, "office": null, "check_date": null, "ref": "782", "payment:cash": null, "payment:credit_cards": null, "payment:debit_cards": null, "payment:contactless": null, "addr:unit": null, "shoes": null, "clothes": null, "official_name": null, "leisure": null, "operator": null, "contact:facebook": null, "payment:apple_pay": "no", "building": "yes", "grades": null, "name:en": null, "name:es": null, "old_name": null, "operator:type": null, "mascot": null, "wikidata": null, "wikipedia": null, "emergency": null, "dispensing": null, "drive_through": null, "bin": null, "shelter_type": null, "sport": null, "internet_access": null, "internet_access:fee": null, "government": null, "payment:app:walmart": "yes", "payment:google_pay": "no", "payment:samsung_pay": "no", "sensory_friendly:accommodation": "dimmed_light;static_screens;no_pa", "sensory_friendly:conditional": "yes @ 08:00-10:00", "education": null, "alt_name": null, "branch": null, "building:levels": null }, "geometry": { "type": "Polygon", "coordinates": [ [ [ -99.755323, 29.2349964 ], [ -99.7552011, 29.2349036 ], [ -99.7546645, 29.2354404 ], [ -99.7547905, 29.2355364 ], [ -99.7544965, 29.2358303 ], [ -99.7543714, 29.235735 ], [ -99.7540624, 29.236044 ], [ -99.7533757, 29.2355209 ], [ -99.7533252, 29.2355713 ], [ -99.7532459, 29.2355108 ], [ -99.7532916, 29.2354651 ], [ -99.7532425, 29.2354277 ], [ -99.7533714, 29.2352988 ], [ -99.7533279, 29.2352657 ], [ -99.7535874, 29.2350063 ], [ -99.7536326, 29.2350406 ], [ -99.7539167, 29.2347564 ], [ -99.7538685, 29.2347197 ], [ -99.7540759, 29.2345121 ], [ -99.7541983, 29.2346052 ], [ -99.754316, 29.2344873 ], [ -99.7541979, 29.2343974 ], [ -99.7545187, 29.2340763 ], [ -99.7545907, 29.2341311 ], [ -99.7545077, 29.2342142 ], [ -99.7554149, 29.2349045 ], [ -99.755323, 29.2349964 ] ] ] } },
{ "type": "Feature", "properties": { "element": "node", "id": 12383784987, "amenity": null, "denomination": null, "ele": null, "gnis:feature_id": null, "name": "Cato", "religion": null, "service_times": null, "addr:city": "Uvalde", "addr:housenumber": "3250", "addr:postcode": "78801", "addr:state": "TX", "addr:street": "East Main Street", "check_date:opening_hours": null, "fee": null, "opening_hours": "Mo-Sa 10:00-20:00", "source": null, "tourism": null, "website": "https://stores.catofashions.com/tx/uvalde/3250-east-main-street", "wheelchair": null, "brand": "Cato", "brand:wikidata": "Q16956136", "healthcare": null, "phone": "+1-830-278-7317", "short_name": null, "beauty": null, "shop": "clothes", "backrest": null, "smoking": null, "fax": null, "office": null, "check_date": null, "ref": null, "payment:cash": "yes", "payment:credit_cards": "yes", "payment:debit_cards": "yes", "payment:contactless": null, "addr:unit": null, "shoes": null, "clothes": "women", "official_name": "Cato Fashions", "leisure": null, "operator": null, "contact:facebook": null, "payment:apple_pay": null, "building": null, "grades": null, "name:en": null, "name:es": null, "old_name": null, "operator:type": null, "mascot": null, "wikidata": null, "wikipedia": null, "emergency": null, "dispensing": null, "drive_through": null, "bin": null, "shelter_type": null, "sport": null, "internet_access": null, "internet_access:fee": null, "government": null, "payment:app:walmart": null, "payment:google_pay": null, "payment:samsung_pay": null, "sensory_friendly:accommodation": null, "sensory_friendly:conditional": null, "education": null, "alt_name": null, "branch": null, "building:levels": null }, "geometry": { "type": "Point", "coordinates": [ -99.7516286, 29.2353899 ] } },
{ "type": "Feature", "properties": { "element": "node", "id": 12383784986, "amenity": null, "denomination": null, "ele": null, "gnis:feature_id": null, "name": "Shoe Dept.", "religion": null, "service_times": null, "addr:city": "Uvalde", "addr:housenumber": "3250", "addr:postcode": "78801", "addr:state": "TX", "addr:street": "East Main Street", "check_date:opening_hours": null, "fee": null, "opening_hours": "Mo-Sa 09:00-20:00", "source": null, "tourism": null, "website": null, "wheelchair": null, "brand": null, "brand:wikidata": null, "healthcare": null, "phone": null, "short_name": null, "beauty": null, "shop": "shoes", "backrest": null, "smoking": null, "fax": null, "office": null, "check_date": null, "ref": null, "payment:cash": null, "payment:credit_cards": "yes", "payment:debit_cards": "yes", "payment:contactless": null, "addr:unit": "Unit E", "shoes": "yes", "clothes": null, "official_name": null, "leisure": null, "operator": null, "contact:facebook": null, "payment:apple_pay": null, "building": null, "grades": null, "name:en": null, "name:es": null, "old_name": null, "operator:type": null, "mascot": null, "wikidata": null, "wikipedia": null, "emergency": null, "dispensing": null, "drive_through": null, "bin": null, "shelter_type": null, "sport": null, "internet_access": null, "internet_access:fee": null, "government": null, "payment:app:walmart": null, "payment:google_pay": null, "payment:samsung_pay": null, "sensory_friendly:accommodation": null, "sensory_friendly:conditional": null, "education": null, "alt_name": null, "branch": null, "building:levels": null }, "geometry": { "type": "Point", "coordinates": [ -99.7517654, 29.2354835 ] } },
{ "type": "Feature", "properties": { "element": "node", "id": 12383784985, "amenity": null, "denomination": null, "ele": null, "gnis:feature_id": null, "name": "Great Clips", "religion": null, "service_times": null, "addr:city": "Uvalde", "addr:housenumber": "3250", "addr:postcode": "78801", "addr:state": "TX", "addr:street": "East Main Street", "check_date:opening_hours": null, "fee": null, "opening_hours": "Mo-Fr 09:00-18:00", "source": null, "tourism": null, "website": null, "wheelchair": null, "brand": null, "brand:wikidata": null, "healthcare": null, "phone": "+1-830-261-5786", "short_name": null, "beauty": null, "shop": "hairdresser", "backrest": null, "smoking": null, "fax": null, "office": null, "check_date": null, "ref": null, "payment:cash": "yes", "payment:credit_cards": "yes", "payment:debit_cards": "yes", "payment:contactless": "yes", "addr:unit": null, "shoes": null, "clothes": null, "official_name": null, "leisure": null, "operator": null, "contact:facebook": null, "payment:apple_pay": null, "building": null, "grades": null, "name:en": null, "name:es": null, "old_name": null, "operator:type": null, "mascot": null, "wikidata": null, "wikipedia": null, "emergency": null, "dispensing": null, "drive_through": null, "bin": null, "shelter_type": null, "sport": null, "internet_access": null, "internet_access:fee": null, "government": null, "payment:app:walmart": null, "payment:google_pay": null, "payment:samsung_pay": null, "sensory_friendly:accommodation": null, "sensory_friendly:conditional": null, "education": null, "alt_name": null, "branch": null, "building:levels": null }, "geometry": { "type": "Point", "coordinates": [ -99.751929, 29.2355888 ] } },
{ "type": "Feature", "properties": { "element": "node", "id": 12383784984, "amenity": null, "denomination": null, "ele": null, "gnis:feature_id": null, "name": "Cricket Wireless", "religion": null, "service_times": null, "addr:city": "Uvalde", "addr:housenumber": "3250", "addr:postcode": "78801", "addr:state": "TX", "addr:street": "East Main Street", "check_date:opening_hours": null, "fee": null, "opening_hours": "Mo-Sa 10:00-19:00", "source": null, "tourism": null, "website": "https://cricketwireless.com/stores/stores/ll/US/TX/Uvalde/3250-E-Main-St", "wheelchair": null, "brand": null, "brand:wikidata": null, "healthcare": null, "phone": "+1-830-261-5178", "short_name": null, "beauty": null, "shop": "mobile_phone", "backrest": null, "smoking": null, "fax": null, "office": null, "check_date": null, "ref": null, "payment:cash": "yes", "payment:credit_cards": "yes", "payment:debit_cards": "yes", "payment:contactless": null, "addr:unit": null, "shoes": null, "clothes": null, "official_name": null, "leisure": null, "operator": null, "contact:facebook": null, "payment:apple_pay": null, "building": null, "grades": null, "name:en": null, "name:es": null, "old_name": null, "operator:type": null, "mascot": null, "wikidata": null, "wikipedia": null, "emergency": null, "dispensing": null, "drive_through": null, "bin": null, "shelter_type": null, "sport": null, "internet_access": null, "internet_access:fee": null, "government": null, "payment:app:walmart": null, "payment:google_pay": null, "payment:samsung_pay": null, "sensory_friendly:accommodation": null, "sensory_friendly:conditional": null, "education": null, "alt_name": null, "branch": null, "building:levels": null }, "geometry": { "type": "Point", "coordinates": [ -99.7520793, 29.2356988 ] } }
]
}
